"","batter","PA_2021","PA_2022","PA_2023","Total_PA"
"1","0014c193005b425aaad55358686fb0dd1a4a0755",NA,182,60,242
"2","003af1e4636109b822c9acfa703cb517c46d89fc",163,140,90,393
"3","0043ac96d4fde6fcfd5a841b8d902661e69a6009",NA,22,44,66
"4","0084c15ee1d82fb5b793e1ff130f46651dd13e17",NA,22,60,82
"5","00e99b6a19161174f9f6520a80783c70236d8403",36,258,555,849
"6","00f2af912fbb0f299e177f6ff00fafed7bf79aa5",NA,7,139,146
"7","00fb2414b8f5bcdec5e0398176d9c76747645772",NA,335,333,668
"8","01062805175a65bbfb5e2024853137219296e26c",559,425,114,1098
"9","0110ddbbd4e67bbd0a355dd5561021b075920eb3",4,NA,NA,4
"10","011de33d151ba44dc18c0a7129b4df39ed66b8cc",163,NA,NA,163
"11","016b7124144bdb5822af25b395629a805e22ec91",NA,NA,84,84
"12","0171b690f5f948e94221f85a5655a5bca8b42a40",24,NA,NA,24
"13","01aa9f48c9a636dfb01e4e66a4f3ce742f908e4a",NA,NA,138,138
"14","020e1c97d88916739bc1c2276a6ef8e91447443f",198,171,140,509
"15","0250bb29dfa83e5e2d855c2f18d826b57cde4191",587,609,469,1665
"16","02608b1a3a44adacbae06ceb30accc9110a0e336",250,470,457,1177
"17","02704f6c055abbf858edfd3d220970ef99cb2212",1,NA,NA,1
"18","029a2a4091a3dadd2e8b2c9945c49172bc9a2d13",NA,NA,121,121
"19","02b79004f4e2b75b03f7b57c8a11c40c5f004680",1,NA,NA,1
"20","02bb069b777c03d0c54f558342343bebeed3b402",254,384,345,983
"21","02db096acbd50af9cdc36f25a64b16f7e62d8589",1,NA,NA,1
"22","031430dc518164c6d1cb405740f96f9385674ba0",131,543,529,1203
"23","0332bade03d7ac5b1931431d7753c6705f634841",462,NA,NA,462
"24","036bb24338d2cb9318ab0cc768eeee1d32515369",375,123,140,638
"25","037158ce34a79cee4dd9ddafd4c7b8ca90327429",547,540,470,1557
"26","039b39385faa43693cf102b50f9495344b15b285",248,344,401,993
"27","03a331b503c0497a3d4cfacd5742d34739d29080",297,33,NA,330
"28","03ac692fdfbfcfc804c4f741888f8b004dbbd896",24,3,37,64
"29","04109b2ec7a31d53d44fe227f0586200e1b3c493",NA,NA,404,404
"30","041315d0596ffddb891dd84ae1bb692431921fe6",567,474,177,1218
"31","043aacf89c75553ed221af33bd5f157575ab0f96",57,174,149,380
"32","046aa119cf276cb291309b36e32ae78957fe3818",374,535,303,1212
"33","04919f19fd9c50566716c96ff5f0615b14ccfe3d",547,591,547,1685
"34","04994290f0133acc8b036b3d3bc14ceda5b0d012",20,NA,NA,20
"35","04cc7babf2db7c7531580c6f4d2e313c5c9bf560",1,NA,NA,1
"36","04f9c2f30346853e09f3678562b61e8957eef0aa",657,603,646,1906
"37","04fff5fe242de0e6f076cf320985c8ef8643e589",NA,19,48,67
"38","050c1dab2befebe73b385a13ca7d7bca764b20ca",NA,NA,9,9
"39","0511a4e51e2e6e7f78a0acfb2ec603a9ab4acbe0",4,NA,NA,4
"40","054330d52db7c91df94452501112e67b3986598b",46,NA,NA,46
"41","05489443ace8032d1a897c125c504d52362c507f",64,NA,NA,64
"42","061aec6a5629bac2e9003c1b716a09127b313711",NA,41,239,280
"43","061eb45e0292790d19a0638e0bd4edb4dad2d319",449,392,407,1248
"44","06662d5b2e1290f7ee60a65ca4d0f90c3ddd9581",498,285,141,924
"45","073c953adf860e87af6671245c3aba319b72e225",631,659,698,1988
"46","0787a0194110f04cfac70c22b35b79e710e93e0d",8,NA,NA,8
"47","07bf5f8d6cfdbe80de149203c913ffd26de27de9",185,265,492,942
"48","07f0a4be81a4415806197d0a1b0339917fa0ae01",279,299,160,738
"49","07fdf16fffcf71dcb7fb848addba74df1ee36048",121,156,157,434
"50","083d603cf3249f2f57c04b16db50218beba3c152",209,110,11,330
"51","0867cdc89466ca1651ec177e322cb5b045126a49",2,NA,NA,2
"52","08a7ee474cc1fbfeb48e48b23b82fb9efd3c0f02",10,NA,NA,10
"53","08c5771a634d6ce1269b5e03de7c96ef0a856558",205,248,300,753
"54","0970a31949e9d9c0db5d90ee6eaee120529ad264",2,NA,NA,2
"55","099f3caaed41f6345911adda9cbfae974cbdb9a9",229,41,NA,270
"56","09bcad48d0185d5c1cd04957300dc4f876111017",NA,NA,601,601
"57","09c4fd07f6de14adc4edeed0aacd4b55f3bbad50",124,421,331,876
"58","09e6f8d367dd945ef1b220557afde3b68449e875",135,25,2,162
"59","0a7f2f087c76f9bd4768f7ecc4ee64ca76cc0a33",247,159,NA,406
"60","0a9dd53a6be2f9e40c096688cd1b968f98cd3564",31,NA,NA,31
"61","0abb23bdfb74476798d7b896eca26baedc33a553",NA,91,73,164
"62","0ad2e5cf1e052b219e6b8b806a56a9eb96cb29be",600,644,654,1898
"63","0b45bde37e380498cfc1bc4a6153567ec74d63b0",52,NA,NA,52
"64","0b6c7a9ff58dc18e0e462ff7ac31aab5947124e5",74,NA,2,76
"65","0b7ac2052237fe7518844407df4c965305fae3a9",3,1,NA,4
"66","0b7e91b73e8e3ce2c1aa8d74416e37aa24d45b60",1,NA,NA,1
"67","0b8026eede08f8cfede660d778e8bb153749973d",NA,NA,81,81
"68","0ba1c8581d0fa99abbd75bd6b6cc8cfca3bdd5ec",1,NA,NA,1
"69","0c049bc522425eab3482cc503f0c1f416be05b4f",1,NA,NA,1
"70","0c51c48964727db5e319dc9e422da3e548ce0bc3",NA,443,584,1027
"71","0c55d44ed69e8e022327a2e878343216c0b246c4",403,183,516,1102
"72","0ca329fc49d750ff089b64c0dcb78465bba6ca5e",249,153,238,640
"73","0cdc8c492978d2ef0285cdf8f5236684314a12cd",580,559,672,1811
"74","0d06d461615dc698f57ccb8a1f6b958b675c5c5f",2,NA,NA,2
"75","0d1f9704bf611041f42aa3454af0cc19cd8d1360",76,NA,NA,76
"76","0d619601296acb6143a07906c000237abdf740a0",272,NA,NA,272
"77","0dd87d3394b8e4828b192487a4d747744bc39cf4",625,541,505,1671
"78","0dfad3e2465c27c7a01b172df43e96a9343bc877",NA,188,106,294
"79","0e1f6b71ce8a01aec4626928a428d124604da764",NA,183,345,528
"80","0e83bafabb77ec13c356db364be8cea1d55afcfe",1,NA,NA,1
"81","0e86bc7879803f7bcc6f16386e6f64c578a22199",292,225,71,588
"82","0f061b9439845159c394a71e55d635b10ca25656",3,NA,NA,3
"83","0f423ceb0b439bee8578392faa44aea4bad7dc97",240,128,32,400
"84","0f46bb1ed363d593af42cfddbe027922aff10780",615,433,359,1407
"85","0f69eb701a55b4137c4f9912a16bf5e8e4ed6dc6",359,128,NA,487
"86","0fa22d499a0f8fcd14dd29eefc42c0c1baf25ef5",25,35,71,131
"87","0faf14063418974e05d27176729d62e76f8e3cd6",156,47,67,270
"88","102be786b501ac586b0919515e7707ff61c84bf4",11,NA,NA,11
"89","10a4db5c6bf3b4f13c48ad7b40019d5b072331ff",492,227,252,971
"90","10fedf67aa649b50c9974dd8fdfef7a128e5adc3",2,NA,NA,2
"91","11416d11059c8d9746e5810a0b83471293d2bfef",55,NA,NA,55
"92","116ef4a0acb2548f70160ff681055e4a75b6e73a",NA,17,NA,17
"93","119143ca72109f71f10887b424837edad0759c34",7,NA,NA,7
"94","1197ad8826628a3b6a30dce1a669fec173342b7b",69,79,NA,148
"95","11d5f4e38d7491e880c99a6717db9f0fb3d03495",NA,77,NA,77
"96","120fba62e2804d7697e21b532789bf87100f7aaf",NA,233,5,238
"97","121048ecdf300d2ec18b79f9632d2e0e4ecb925e",215,228,293,736
"98","12500b0485dd2c99ec2973700512ec1b1751e2fe",1,NA,NA,1
"99","1283c202465a158258273e47609c0946ab2380b3",NA,NA,298,298
"100","138e48696b6f3962de58a823300534156cde7ed2",9,NA,NA,9
"101","13a359b8104dd860f6ef78ad52a2bf0a1fedf75c",NA,NA,114,114
"102","13bb8133c4107b2c2591346794e1ba951f925fcd",NA,NA,103,103
"103","13db75ec2a2ab2c1204e891c1dd8a91095dec4ac",1,NA,NA,1
"104","13efcb430aedb603f38fb8e0b8f0788369d88a0e",1,NA,NA,1
"105","13f1ea44ff2b7094942812a905745c719e209b0b",350,313,227,890
"106","14141a52599650ea070ed88943350830e7848cdf",1,NA,NA,1
"107","148f176b02dce29b83edb4320503dc4d23955f9c",58,NA,NA,58
"108","14af6a8eb666d7c9681caa8ed62c48b91baf7418",283,NA,NA,283
"109","14d989d8d61ab52344d12d6c7c25673cb91b8e75",7,NA,NA,7
"110","1500346001a2e1cfe45d8e51dd60c4c17e77dcfe",NA,102,515,617
"111","151e3a419b9084ed3fb6d18a9d95bea2897dd4d6",5,NA,NA,5
"112","151f1a0a4d4509711c02ef31320fa25afb343d0f",474,272,NA,746
"113","153b10980f9eca97fe1b1246e7b424449c1aae67",NA,NA,129,129
"114","155168f6c29c329f20d476d9f6181bf8ee1e335b",1,NA,NA,1
"115","1555357c4809b66ac35fa0096f378680a822b65e",311,338,214,863
"116","1563b7e821ce94e55b751e2656d96bb2de8d6795",1,NA,NA,1
"117","156a23a4cc56796a03b911ca8f66a2d67b7850ed",16,NA,NA,16
"118","15a59c43bf3d2bd1cb20844d4c98db0c0d34f14c",38,NA,NA,38
"119","15cf631818905e2aba93aabd57046f07a210f484",2,NA,NA,2
"120","165fd9b7358e92833b4563e3588f3aa3076f823c",1,NA,NA,1
"121","169c1712ef46dc4b772e5b886cd34496cf08c10c",NA,6,NA,6
"122","16dee00b31277a71f2d452a51980b157b9bb084b",62,347,NA,409
"123","179b65b12c84f3cbd352681ede3f3bb890b3645b",4,NA,NA,4
"124","17ae4c3c46b4a4cccd1e887924a21796cacbdf79",4,NA,NA,4
"125","17cbce1de7a9d4e31952e86ba69ced3fa5f1c28c",255,159,90,504
"126","17d8413358cc5a88ae5adc6dd71f352d2d5b0f3b",491,495,250,1236
"127","18396fcf5f98aac97ec6127f7924868d3ef7bd9e",620,652,576,1848
"128","183c175964b224bf2c8168b04c2a313adb7f089c",157,177,243,577
"129","1840dc0b0ec72496c4a26e81eb131e1d117a3b3e",530,559,378,1467
"130","1846d3ee1ac661616b677348a8a7a7aa7639b5e8",535,485,422,1442
"131","18960e9d1150e1dd3d49d3f3751e845032330579",149,NA,NA,149
"132","18c74a28b8a5783fa44148b2a8e2eca079e97f80",NA,NA,86,86
"133","18c836a2aa6ac974abb7ae88b69d463f6ae44fca",112,223,361,696
"134","19002d0d7703ce99a390e39c57d62401ef57cec6",452,85,NA,537
"135","193490e2a59b813602a40b72510dfc4da0f67743",NA,NA,353,353
"136","196115bd13924ea956ac982f6673bbc0ec717546",1,NA,NA,1
"137","19a16a0f9bad918752029086cbc39e8d625d9514",3,NA,NA,3
"138","19a9cdf36a658385d6e860ca2237745d7b20e25e",NA,NA,466,466
"139","19c4182f72e996e7f55493ca7cca258f713f50b9",2,NA,NA,2
"140","19f683ce76088d78377da48963e1c90cbac9ffaa",325,190,300,815
"141","1a235d57e26b0ed8dfee64621fb6775bca2a7eda",NA,64,254,318
"142","1a284227f3ec20e43d3f2cb0d535b4260b8d666e",13,NA,NA,13
"143","1a35380236861a3e9242fc1790692a52ca977c92",537,383,266,1186
"144","1aa27eb48b3712864f321e6a59da95bc82a429eb",12,NA,NA,12
"145","1aa97033b20b51d4e32c2c8fcdbad5007a17f112",NA,83,105,188
"146","1ac380f5904db3c931f8d162d72133cf7c552811",179,88,NA,267
"147","1aec22a2dc737a6a12dce27f5d88561807a87e37",216,55,NA,271
"148","1b54a2e894a34ca35ca4a39fe9da17087c7d42ed",NA,NA,99,99
"149","1b6e325206b56276bc690f3f7397aa8e4cfa7507",NA,1,NA,1
"150","1b8c25d4748b83dced144e1953464d23defeb0fc",2,NA,NA,2
"151","1bae958c3003100a62896444235627a7ab5a75e2",448,611,438,1497
"152","1bccfee3279aff69154310cc2fa053d20612ff26",11,61,NA,72
"153","1c3af27dc3d3052f28798b634f1d0c21c5a5b909",295,303,339,937
"154","1c7a84d78ccd820a7c66423c99c907fdd2401e8f",NA,37,NA,37
"155","1cb63469405979b64ac3081a6d36eca4bf16160e",526,431,369,1326
"156","1cc43f2912ca249fb9a1cdc475ca052ff9e0868c",1,NA,NA,1
"157","1cca9d59852837b5cc993ebcb9bfc2c9abb65f6f",506,506,113,1125
"158","1ccfa4a1ec1b4a6fca216a1e270f6183505fe38c",23,155,2,180
"159","1ce31d2c34c99066c4e1f9f1b1628adc562487fe",133,179,52,364
"160","1ce9089e3c8a0d946a32111da07ce0e20a43bf64",NA,15,NA,15
"161","1ceead9f26f4ecdc74ef8e8e5adce55797d2d824",72,149,250,471
"162","1d392fe0b1ce6c5acf9617caffaf58cbd4848115",11,NA,NA,11
"163","1d3d89fdc9b6fdf610be289823dd2fdddcb44a71",NA,41,233,274
"164","1d740c776101050cefeca93cd8dda4e6b9e7cbc2",1,NA,NA,1
"165","1d76081dc2c60f71387a57ba6b2723919586640a",68,11,NA,79
"166","1d7beaf707e455f76ede0b81f60d4ec6a8776030",7,NA,NA,7
"167","1d7f1767d410007c6942c7638aef78d438fe016c",9,14,NA,23
"168","1dd31de7652afb24c31beda9faaa8847549d9102",NA,NA,94,94
"169","1dd81477d26cc96cf04cbe21ee082afdfb452b47",399,421,15,835
"170","1df963b3d540d35badcbf3958f021f4c840da4c5",42,NA,NA,42
"171","1e0227e59b2beec91b0fea33cf12ef28b2b01142",241,195,24,460
"172","1e49befabb1b2212685a7138e696cab3c6fcec68",NA,9,NA,9
"173","1eb669cced8461ecdf53da0ff3eb4bcb04ae1a3f",412,191,226,829
"174","1ebae1b84a40ad0df0cee1c8d59b9b8fe31dac37",484,546,196,1226
"175","1f9beabdc0eae8b4a3944dbbb831ab67df7e70f4",NA,13,2,15
"176","1fa87945c3ee6516a00ae1d7003df4789de36661",58,NA,NA,58
"177","1fb28f21cef40755e2a212961ff20f84a625c889",14,NA,NA,14
"178","1ff4dd49bd3453db6bf302add09243dac7c06525",NA,NA,228,228
"179","2015ffd22e8e0512d9b33c8d7a8bfb7b0e510432",1,NA,NA,1
"180","20880521c2c15f79ab9728bd4e144add7bbedfd4",63,NA,NA,63
"181","209657ed5b928d363055f7c8edf1b64b804e996d",6,292,95,393
"182","2096d792c5e737f270907b3d5d8d5f5434483638",83,NA,NA,83
"183","20c0d7fd0fb4221c2aeb59118b16753e1f723b09",16,NA,NA,16
"184","20ff3f0cc9865685168d1566e1cc579565516e49",185,58,NA,243
"185","2118e015319a79ccd323497bfc0eb78439491367",NA,NA,89,89
"186","211afb16159815485e4edaf53f202f30d68d217b",343,304,449,1096
"187","216e03600af9acd2e1f85303beb31366bdd05c4f",353,151,376,880
"188","21748318a6fcdeed91ff8816b7a20df71a2d30e9",117,NA,NA,117
"189","21f46a87fe22d704964db886e3bbb4c8e72d9c6c",66,NA,NA,66
"190","227278769ed44d180d373e42bce38bc84d374030",2,NA,NA,2
"191","22cc2eb3ece81074e6dbd5efe2dbd5d10afb5840",26,163,85,274
"192","22e048efcadabdbb2f9150cd00d9bb7d08c4eab9",42,NA,NA,42
"193","231d573a7f3607f76f16eb294509c7cd9dfb52c3",3,NA,NA,3
"194","2339f3d736742f4e417e256852ac6237cd65b019",48,NA,NA,48
"195","238fe9ce798e7a9cae523d2506857333ac10f7bb",NA,NA,33,33
"196","23e9038fdcd6b8d0cb4b981d832584085629cddb",418,527,144,1089
"197","2460f7c6d698b7e9b6a16cb19e108f44f2cd427b",159,46,NA,205
"198","248107deaa8a879b2d8c74da6442181c3612f51f",11,NA,NA,11
"199","248b2b26afbae8c89442dbc6f7ca0244d69d2651",NA,NA,100,100
"200","24c75fe780af78a4acf2ab07e13e571b30101251",2,NA,NA,2
"201","24fa12505cdc29d6c15f5e6c08e00f1c42e4373f",321,592,348,1261
"202","24fec3a6368277cd9893a8149e18735d34bc8e28",NA,15,5,20
"203","2520b6339c384f8f3fd26d7e9d19a7fda038b704",14,NA,NA,14
"204","252261d8a50cbdec92f59e33a2fa709dff5ccb32",NA,536,601,1137
"205","25561edff0b8cb2a606946dbd30d011b1edcd4ff",NA,36,172,208
"206","256bfaff4fc58bd3af86140021a439f2b8f030a5",1,NA,NA,1
"207","25851f7a9d8bb946bfeb6764ec9df5d16156116e",94,115,NA,209
"208","2592df55723601efd9d98374e329ce7402b3de99",NA,217,102,319
"209","25a0a4ca22cbf1a928e8d251085e8c85b9a76da8",2,NA,NA,2
"210","25d492f82219a3acdde6d8b08201ba02ba3ff3a6",140,285,62,487
"211","25e2a10bf1f394c04a250d6a7286e0430de6eb17",183,425,174,782
"212","260a8ceb479a09517387126e80d28417812dd933",257,292,NA,549
"213","2622dac5f67183f0c4a5b57e73549123f201cd74",347,13,206,566
"214","263f19273c6c4c12eceadb8824228fe1eac5e8a4",5,NA,NA,5
"215","26ac979bacd0020877044a7be8138b0422be43e8",1,NA,NA,1
"216","26b016cf8e8536053cd109aa8e1502db6d46478f",139,177,145,461
"217","26ccf96ef1de6d8676bf3267651ecfeae0fb9493",543,457,320,1320
"218","272afbb58d7d307e062b997f042c6ab23077d1a0",18,NA,NA,18
"219","2738afd92aab9a593a247e910986394c906d4fe0",34,NA,NA,34
"220","27649f3623a0bd504a07741df2773cc253ce7c61",NA,255,233,488
"221","27653562f25fddfedbb6862c6f7f775e3aee8729",66,NA,NA,66
"222","27b2eba8ae0d45397910727bd67244fd77221377",1,NA,NA,1
"223","27c6fba076399f5a9ed7d239040f8a5278e0b538",2,NA,NA,2
"224","27c8e4ac9a23ab952471008a05419b6998edeb3e",234,47,71,352
"225","27e2885fafb017fda73618ee98c34114ba0f12ac",40,NA,NA,40
"226","289266c55934030cf386fdf06b232e864c6eeb2d",1,NA,NA,1
"227","29131ffa4c7f48d97ceddfa2b3e4460800ca739c",NA,16,NA,16
"228","2923b2767d40064620b34fd192dd7af293143844",472,54,210,736
"229","299053ca317c893a3b7d24793149d41fcd3075a9",NA,11,NA,11
"230","29a888709565675646dc9e12dd4475920881f41c",6,NA,NA,6
"231","29be0196e90ec2730c66e14d9db7f44d9dc832a7",3,NA,NA,3
"232","29df9634e71f12ec4754b370e647db4bdfedd12b",649,610,666,1925
"233","2acf5e9ceb8ce9a5cadb881644fbbad57a194b3f",73,NA,NA,73
"234","2aed313649b643ed7472d3288d52df873c27722f",NA,NA,45,45
"235","2af8cae185649642c98a64031cd30d75d8ea8031",5,NA,NA,5
"236","2b8fb4c53c71dae6d2e2a528bd24a875942f0553",NA,239,304,543
"237","2c06050c5104e14ea16b448cdb68c98c6fdb6022",2,NA,NA,2
"238","2c233d7b7a033a9e9fda9f3b7ed8fc5e3ea42b64",25,229,NA,254
"239","2cf7394ffcf79450ee4e4a683bd34563bcd3c3e6",2,NA,NA,2
"240","2cfe0e74d121786e16b71dee10c362c40c23c337",180,410,342,932
"241","2d2f3ff492dab091a66dacfc0d50b463f59ed7fe",NA,NA,175,175
"242","2d5dea952171a05e9b9f20a9fb02c97a1155e6b0",38,50,173,261
"243","2d7a24e3c952e59b1e215ea9963fa645df14ba41",183,293,242,718
"244","2dc4d0bb674f68789281dab8a4b3a0148cea088f",98,NA,81,179
"245","2dc5dd2f39299e14eabf8f6d62d4318e8fb2c046",6,NA,NA,6
"246","2dd6abc1ed2c2ed1b7ed35bb26e9574991c0aa23",278,17,NA,295
"247","2e3d0cdbf076419e129b10118dec8cb76469c6a2",NA,NA,44,44
"248","2e3dc0bf128a65e52129efa0d4c557da30182837",77,NA,NA,77
"249","2e466f26bec347f364a85f73269afde6258b02ba",193,233,90,516
"250","2e5e1e91b44362429d7a86cfc8427a67aeeb39ea",351,NA,NA,351
"251","2e68dc279251e6c847a8c8d7e1a3076cbd1cc93a",5,NA,NA,5
"252","2eb51c2ed0a7a9c7e4c8bd01bab20e9bd2fdbf06",210,553,613,1376
"253","2f4d15f54d90d74da63a1cb72e6dcad1ce2e01fa",NA,37,371,408
"254","2f7fd76e945aaedd0d86916e6e0aa0396954cd82",407,656,527,1590
"255","2f92e102307d680e24f2a5fb63dff8b7ecde998b",290,74,NA,364
"256","2fb16aa71c808667f5df7df8817b2578b60420a4",208,507,591,1306
"257","2fe024683064013fcfea642e36419686f8840c5c",1,NA,NA,1
"258","2ff6803041b873af408f7d1a8eb3e4b361d15e13",34,NA,NA,34
"259","3009ab35873ae4b9a5a1022926464083423c02a5",507,241,384,1132
"260","305643a27df5d23925c66d8904499a5d32d40761",97,NA,NA,97
"261","305b67fad711a094722b604fb6edbc5c1f4a13e7",NA,8,230,238
"262","3103eeddc91e18c223c7ef4d3c12f29cd6e5bdd8",301,353,169,823
"263","31124d5ebc4f33645d00953e45c18e4dbf79294f",371,556,649,1576
"264","31204399ff9843bb19cb9750c36260dacd0ad3e3",NA,35,615,650
"265","3142966391d5752fe8f2c279e019bf208dcf9301",122,NA,NA,122
"266","3148a404a27ec23716603b174b57c1607842c314",NA,7,37,44
"267","32603421aea266b74d441ebfe6f97a7cf4c4670a",4,NA,NA,4
"268","32e156a46073e01cc070b292a84003e40760c009",NA,NA,17,17
"269","33438ca2fdf93ff73b2e1bcc5da3058a04cf1661",3,NA,NA,3
"270","3357488d4771f0c815e0d61df19e152f9e389a03",47,NA,NA,47
"271","337ceb78dd62b5bce81b7b7f34439574484da2ef",482,430,419,1331
"272","33b6034adb1b887ec34812aff00773075121de26",376,241,67,684
"273","34190fba310a52459744c4574d93853243ee9eca",7,NA,NA,7
"274","34294c5b512043e6f7ad920382ed06035f0982b8",2,NA,NA,2
"275","34415ee2ef93a38bffd2295405d657ece1b20853",64,NA,NA,64
"276","34505025fb4406cbedcee444836fa9324d7ee574",42,NA,NA,42
"277","34db29c6c5dba776c3229d6fd6421da5634440a6",1,NA,NA,1
"278","34eb3b4b6ae25355fbcf8cc216ae7bd42cdf268b",310,193,NA,503
"279","34eef15c55d4a098d8efc48441c9491c43a7344b",21,25,39,85
"280","35356970180d7c585b23f342d80e3231418a86ce",613,531,625,1769
"281","353dd0a803b3ecbe1771f4531f67d28ef10e8604",649,697,639,1985
"282","355c86965a10a2e036f29b00eac8dc7ab0637c15",NA,426,428,854
"283","356907afc7d8f8f995d40a6cce9e494dc34ecfd4",NA,57,192,249
"284","35770324d53532364530105a6c2bba19a04258c2",34,NA,NA,34
"285","35941e56cf0ad1cf4d0ad279953b6f73b523f8cb",NA,467,370,837
"286","35977534b4c84824da88911ef0d1bfb5a4cd371a",NA,NA,61,61
"287","35a9a6f4775002cac4941a15b11af3640b2a3291",23,NA,NA,23
"288","35ac892926cc593e5859e2dc743c776562ca312f",2,NA,NA,2
"289","35dba25a879c2664e6573a99adc5c180b11e574c",5,NA,NA,5
"290","35e22d85a8a64b75bd6dc3b819c33e5064b1be93",NA,84,18,102
"291","35ee4c2805e987e2c9712bd33781066faad19d7a",NA,61,NA,61
"292","35ee61646c04b642d8fb2cb054de9abe544e9341",3,NA,NA,3
"293","36672e213820a74ed38341444004479e5a0d5443",261,83,NA,344
"294","369cbabc57e48432e228701fce080636f3e25cf4",18,NA,NA,18
"295","3791ba74aa33cea6ebb3f70277d0c6089188d87b",NA,632,692,1324
"296","37ab844291002536a60b6aa57cbbed2c7f132b2e",NA,98,33,131
"297","37bfaeb9268f9389dfa6157b48b8c7b1a3e2b170",444,666,662,1772
"298","38168aebb9d2669dcdeba3a8559e3bc5801c6fc3",507,275,57,839
"299","383e94bde2444fafd3a346803843c1f1319e5149",478,601,607,1686
"300","38891f76ea6a9c14cd3bf34a61849fc0c59fa9e0",51,NA,NA,51
"301","38baed314b29d36496058f04abb8f92c375ce168",NA,86,169,255
"302","3962c93e969c6790ae7cfbd5854210610d71d2b1",5,NA,NA,5
"303","39e4ec390ba39c0df8140bece8ee601f966b1453",68,NA,NA,68
"304","3a0069aa7adaee13eac04b432235b9a1364cbf42",1,NA,NA,1
"305","3a4a2059eda2a9c1518d5404384519ea6343991f",180,177,204,561
"306","3ae724ecfe223e7e9201014053f8fe62a3e9fc1c",35,NA,NA,35
"307","3ae876324a3432f10debb6edc8a6a24f232fe021",123,346,502,971
"308","3af578969b000c1ef55ed93f42083992574e13b8",20,NA,NA,20
"309","3af6bd02e5b64be84236cf5a8f25950a26a2848d",NA,NA,315,315
"310","3b823f36afdf217a11e5d67235ec17908fdffdf3",1,NA,NA,1
"311","3b8a3d1f027410d3ff7ec543ed891d29e66af4ab",82,223,286,591
"312","3b954f244f113c33edfbf5b8116bcfc18fdbff71",314,NA,272,586
"313","3b9cbc04f64cee6ba563104542e161c9a555bb4d",127,NA,NA,127
"314","3bc4b2a7b8a46b66bd1856c7419ed0f7016499c5",1,NA,NA,1
"315","3bcd91bdf3c41a284bc3690c01c3f23467f1742e",NA,NA,100,100
"316","3be1745fd89859fee2e422cf05bb127a68f5cf00",NA,6,37,43
"317","3be2036301de316fb26e54cffdaab0830655d604",566,387,324,1277
"318","3c01695411a497a242775221f2ff4e2234f18fbe",38,73,NA,111
"319","3c53b39799671cd9fc7b7637b6b90d025be6b324",247,NA,94,341
"320","3c7660be5e64c9406cfbc783d943d39ebfd06b1b",16,NA,NA,16
"321","3c8235024a0e3e3f1dcfef16080eaaf2cffc887b",26,NA,NA,26
"322","3cdfba46718f763c6a8838a9ef9856759b25841f",2,197,501,700
"323","3d23508828119cb2cf632c8294e2a42318c11bf0",1,NA,NA,1
"324","3d7e673996ded2adc951734ee10ace3c481520f9",564,414,99,1077
"325","3dbf066d8094371bb8a526229ed249e72c444e57",NA,103,NA,103
"326","3dcd5ed07a3850c11605988071a327a5685938a2",NA,NA,137,137
"327","3dd84f5d3a88f824b5a023b724a5585fbf32ba9c",680,697,719,2096
"328","3e429378534ad5f46d596b82066771ea9bbac501",NA,11,NA,11
"329","3e6082d480ae9950bd8ebf14ae19970b3e8d32d5",NA,1,NA,1
"330","3f0b3f339a269c65d99cd85546ebc14791ad3d3e",2,NA,NA,2
"331","3faa4e4fae31dccec5c3d3d612a6d16b19e44ff8",398,559,420,1377
"332","3fbcc798622c02b8961bcf6881d1cbf566ba39e4",299,56,146,501
"333","3ffca17a704b2bdd7b912cacb3c528f5a627fbad",5,NA,NA,5
"334","401e7703c0eb224fb61797e3bdfca6b4b93c455d",NA,9,377,386
"335","402446ec3f8e9afcc15c8e1bfce19dc81f03782f",3,NA,NA,3
"336","40269fcece49d72af6daae840d0eb451158a1339",NA,NA,6,6
"337","4067352dd7de59eec33385ed2ad228ab65f2f6f9",NA,NA,1,1
"338","40a522d51351c9d684b2ce31c3b594204f79ea8f",255,145,367,767
"339","40ce1407844fec80db50e9655df1497481a5a010",19,NA,NA,19
"340","40ee59b20c81451d7a781f62a7b7e38e5e92de4e",81,NA,NA,81
"341","414d21ef2332a57d42fc40c9aff480652823df54",36,152,146,334
"342","41926588df39fdf6f7b176316ee2afc9db363844",2,NA,NA,2
"343","41afbb8823e64401a71aaf7b194f53a9a9b0dee8",28,NA,NA,28
"344","4269a566bba2774af389f1c38ac9be53131d8db9",8,NA,NA,8
"345","42a91743f84132f1bc7884c2a507c1eb66239a1e",46,NA,NA,46
"346","42baade93e7827481581ac72a2bf685095bbbb75",42,49,264,355
"347","433033275abc78034d1bef3dd7b4e42a05962ee4",NA,NA,279,279
"348","435f6167de485e517d74029d9cdae4a2049ad97e",626,665,668,1959
"349","436e222f0e3205837a6a232f9810fae9d2bc1d0a",217,274,206,697
"350","4380853322f8572ba35d3a2e8b25f82006112ab4",635,617,NA,1252
"351","43cb873d92f0918ee5fe6cb1e6be8a4f48a2090c",150,12,NA,162
"352","43e789a2c98c9229310d406b78f236ea838d0ae6",49,325,363,737
"353","4422d2361b7cf28417a13aee66cf91d6f0a4a87a",NA,NA,39,39
"354","442fb3a041b8964ed540db3d3dae42bb53126abf",NA,34,93,127
"355","4465c3d96e03493e5f721991f34e897f7987d8c9",NA,23,516,539
"356","44ac241e108c9a628e188296ed1f3e8afbd9e646",NA,NA,38,38
"357","44c1dffcd76a15940792eabc7c209007b1fec2a5",170,112,54,336
"358","455f6ab20848e6ed09fe6c7bcd40e7ab8317df4f",NA,NA,4,4
"359","45ccfa7681d6a66455bb6c21c105aed0d32423d5",2,NA,NA,2
"360","45cd5ba215dafce9685a08b0864405b66d9c03dc",586,418,538,1542
"361","45d36ea42f77f2310144ec094c7914759b5e108e",531,434,169,1134
"362","4600b4d76c203bfa61c16bee1e87c56efe09e7e7",154,NA,NA,154
"363","4624f24cd9ff75f49ed23c84b4f855ff2beb2ba2",NA,120,152,272
"364","46571913dbc31676e98be5ad4db1f9d974f040a6",638,608,638,1884
"365","465d7544b40a77026e92ce7fee2414f25e4ae460",214,36,525,775
"366","46c7ce33e78264b2373438ed1f49a64c12d4e273",581,452,116,1149
"367","46e79222ddfd0958b195bc3b910111bb08732634",141,NA,NA,141
"368","471e90d768be5fd8c59f7a8ad07997f391b4ce9a",105,NA,NA,105
"369","473cc5ed31814e6679b13ccdcb951d9c70263796",169,160,78,407
"370","47925ed3ac1dcdf4296aa94be4d94fe5817627cb",237,NA,NA,237
"371","479eaae354ab83ded17b747a85effd4a14b7886f",49,68,26,143
"372","47a816f9460d1e5742d9b2e7aa73e35466ab714f",474,315,NA,789
"373","47b3a243dc544ea84da40d689f5def544af91b45",136,274,71,481
"374","47e562a5f459792148f788b00b877f40db8db62f",40,NA,NA,40
"375","4803634608bc30a04f9af8996949a77d882c4b9f",364,296,151,811
"376","4804ee29af4c590b2c8a80c9a532168c87953ebe",157,NA,NA,157
"377","481cecc9462bc94788976620a9b3a00b105a19e3",42,NA,NA,42
"378","485c05d5d7220c6fb611d0ba99ac5f5feb32be5e",5,NA,NA,5
"379","48d72c4d9f603b080bd0cc77ee6a1eadbf3a6b93",60,NA,NA,60
"380","48d883c25f0433e83a4f1e6c3b075f0a6fb1ea20",NA,18,53,71
"381","498c36f21c2027fb1b011e37d66c4e9715c1a813",18,2,NA,20
"382","499957d5f33b2c242ef6be80321520beefdb6c12",311,36,NA,347
"383","49c4176049e183373877ff84dd945190cc4fabae",464,475,65,1004
"384","4a892f26b3a0d3f4360d7ea865e8f7ff2c48c0c8",NA,42,9,51
"385","4a8da77e3ea10b8b42f0859ac49610a3cfd6bb01",4,NA,NA,4
"386","4aee9fdae0b2902c401daf9b33bb9199c68afc60",NA,NA,33,33
"387","4b180cf315532f6245d8bb08038a36261a6d5885",9,360,40,409
"388","4b28c0a343bdcb5f79b9ae6c014273f665723a34",NA,238,659,897
"389","4b741cd08d43d5689304eb372773dd4783667db6",NA,NA,8,8
"390","4b82ba84000fd3581d67a3e37c411a97f53afc32",428,372,113,913
"391","4be0e45ba7969bcad788c1410dec531270067842",2,NA,NA,2
"392","4c8f2e594168a4b4e9bd2252174bde84372b5d37",17,NA,NA,17
"393","4c98e2330e02e8b5e9ea655bfe4ef755c341ea6a",4,NA,NA,4
"394","4c9a5e1a93a1fd6e10f21b62dfc397c4e182f56f",22,NA,NA,22
"395","4d1298183510acbfd0087ccacf726abe77fc6e4b",2,NA,NA,2
"396","4d6127941ac5ecd5c14f8f666dad7d62723ddfe4",387,673,682,1742
"397","4db40d43d3837e7374794f2b575170a649ccd79d",186,106,70,362
"398","4e526f46cb16f0f62612ed17c88433d1c9b0b1c2",301,180,211,692
"399","4e5fb2c29850b50ffaa5ff7ade7780e43a916007",NA,NA,77,77
"400","4e6cb8bd44c5da6b7da0b950586a12b2d789d063",9,NA,NA,9
"401","4e93224fdadea827bd06c9bc727dfe85eb2e9236",NA,174,47,221
"402","4eb6ebf0e979c94c2df949dc569cdfbd52072d64",1,NA,NA,1
"403","4f6c643961e8df8f6d76d136b13ba2674b158140",220,NA,9,229
"404","4f7603e640bcb514becb8be97bf4e5e118ab7e4b",33,NA,NA,33
"405","4f949bf8f48aa41fa00361372ba1e1248ebd134e",21,NA,NA,21
"406","4f95abf1ad643b571799d32932a041fe812ae667",17,NA,NA,17
"407","5038a2ee954c9921b38840df1fbbc26813ecd822",NA,NA,85,85
"408","504abe1db26bb46fb46ea7cff9ed18221feb6798",6,NA,NA,6
"409","50552a2c0fd8e4a7da73ffbe4e3b4d753897f8ed",2,NA,NA,2
"410","508fdc457b08886c9e7fc71c366a785a26a70fc2",153,64,288,505
"411","50c753a7d9d97cb204dfa0377065ef4afd9cb0d0",3,NA,NA,3
"412","50e99f6d711f91de991d3083da5e92d455604eee",379,253,165,797
"413","5135b2f2892117f7e635e3e2477886d4fff10fbf",7,NA,NA,7
"414","5135f5f58de005ee87fe5d4d6cd07d12b6814d45",7,NA,NA,7
"415","514eeb6e6c17085fc1adabf03f1adca32318411f",726,726,753,2205
"416","5162061566d3b114a726d1f46d0c13b488365ccf",1,NA,NA,1
"417","517c83ac8f1549d395c3ba12562cfdc4f0db688b",389,222,408,1019
"418","518bf6df27af8bd8564af654262b56d28a34bfd4",4,NA,NA,4
"419","51c20f83c4cdccfa882791ed2bc309179e515a1f",1,NA,NA,1
"420","51ed749ff2ec6535d1a2f5e1cf8f0755c7947076",43,NA,NA,43
"421","52016eb54425ff26f543b4a0b0c184cc9fe4a4d8",1,NA,NA,1
"422","522732ffbe0234d4237e4d269207edd5bf0ee5bd",NA,NA,74,74
"423","523ecd5a15ce05328b032e40c14e996ef9f1fcd2",483,488,494,1465
"424","5277b4ad5baafe5488b4bcd502687944338da33d",286,157,NA,443
"425","52c150d7af7e27df20e41d50e3b360a82b9d9d7f",668,NA,NA,668
"426","52f44b951a277b9f5c246596dd070e39313d60a2",66,294,NA,360
"427","53030702dafbc98380b87618a6786a1c0278912c",88,571,522,1181
"428","5314328802e77854752ce9453dd960ae04a9b24a",NA,9,NA,9
"429","534e777fdb87941c7bd9423f61368cabf9b79809",1,NA,NA,1
"430","5355c083d8ca64985bd4970d9f2c471bc6a78b5a",1,NA,NA,1
"431","5380254a90e93dae0e3671bab6fbc60933b14b7a",NA,NA,412,412
"432","539ba9ce9c572ce6d0a4352db7211b5286e3be05",1,NA,NA,1
"433","53a6f179986e50fc6b1a20a75a94ba892239de43",575,542,420,1537
"434","53dfe414229803162d14787d30fbf47a1b5e46ea",529,457,388,1374
"435","53f612654070afa1d502872e2ec241d8937f8b6d",288,328,NA,616
"436","5425d5ec46ae422add2e04102b6d7c76fa67717e",4,NA,NA,4
"437","544e5e62db86f823641ee89d0da5ea50291641a1",NA,47,NA,47
"438","5480ec69eee0fcc62fe90dd57f8945867b4d1a8a",1,NA,NA,1
"439","5483790bb7d8746f387f04c3e034d564e336fa3d",1,NA,NA,1
"440","55073aa97b5d55d9dfb64d21bd81547c08c29a87",1,NA,NA,1
"441","550f85b6d95890392ee22d2d9e9b75d876cecf86",NA,116,645,761
"442","558693b14d63414c1b4c3263f131b0be7dee9682",1,NA,NA,1
"443","55aecc6628fcfb6fc7afb0c8d5c2c135e66058b1",NA,NA,141,141
"444","55bd3201fa7465188c2c70169f2e9407efe89cba",661,471,577,1709
"445","55f5996485e6a1faa6663ac69374953aaba0e5eb",3,NA,NA,3
"446","55f8e48fc1d6c7745a218b6a2ae99152c2fc57bb",230,132,8,370
"447","56225eced6bbfd6d8d4dfe657d9afd19cbeead77",202,278,NA,480
"448","562fbcf95658bc195be53014687b78bf1b2c8c01",127,NA,NA,127
"449","5681b7657ff7c609cb34127a516ba274b1616a81",3,NA,NA,3
"450","5695f0a3a684e4339cbfd6756eb24afe5df4ce12",167,513,688,1368
"451","56a848a24f3596acc04a37fc1fe6031c115f9e39",210,364,547,1121
"452","56abc4cae41e0b8b3f8d17741ccf46d912c22d7f",21,NA,NA,21
"453","56c38efc936ad92da986834cbca52c69e4cd182c",6,2,NA,8
"454","5723b8ea1f97a07a6afb874195c38c70005e989b",263,549,682,1494
"455","576d0a1a0612c27c99ac48d045a7b142c612def8",34,206,199,439
"456","57ed72fa5129e91aaf45fc261c297eb2ee3c6168",14,NA,NA,14
"457","582621ee977358425c653bf118ddddd18b77242f",NA,NA,581,581
"458","588de3f94a300203525ecdc49bb28e389354e0c8",1,NA,NA,1
"459","589875034823cff8a9e789a932fe22f6d31b2cfd",2,NA,NA,2
"460","58a09d2fd50dcb07e52d71bf16a2169077f52f4b",NA,131,439,570
"461","58b9fee780d57f9991464d4c9e1b9b9d5f5bb791",567,644,616,1827
"462","58bd390684a1b46fc0f2df6e75a8c563593e307e",631,634,600,1865
"463","592cfcba5200ba0171d471b3cceb6f158a52fcc7",263,194,NA,457
"464","59325b5a99a00fe5e8007788406d758c34051e9f",NA,123,102,225
"465","594704286b77475da0b058d49ee66a3f48eeee3b",NA,77,4,81
"466","5964f4be184862b8222f9aa44189b0da1c36e024",94,277,255,626
"467","59767d7298f6056b2f507e15f61d0a7b36250727",259,42,NA,301
"468","59b91ee13d1e1007b7f9666ef02fcd984ac441a1",7,NA,NA,7
"469","59c046bfc554e6d65c332c71f58456a8ca1a2b48",1,NA,NA,1
"470","59e1bd0a1e1f7b7c1ef501721434b82efdcbfcfe",NA,NA,168,168
"471","5a3e52aaa72d33484ffed076c098db72e7b89b43",NA,194,460,654
"472","5a5c1936f375e3396bf28dc69d3a89efcef1c75e",393,NA,NA,393
"473","5ac04b94d1ab468896ca39b60812ca69ab19cc94",NA,142,56,198
"474","5b1ac9a19d0b1dbc0ab174aeb665fc68f4a7012d",316,327,340,983
"475","5b3c1b2b32ed07df86397c80422c56c65d064ec9",16,NA,NA,16
"476","5b58c9f7d85915d8168e94faa680e188e085e270",527,376,242,1145
"477","5b6b35fcf313a1e12256b4632795a01cd832bd2c",672,670,455,1797
"478","5b740a56489fb4d760c0586db33f0db04c04631b",4,NA,NA,4
"479","5b8d28b879a5161fbdabba7f378051cba5d83750",4,NA,NA,4
"480","5bf0b3dc96dfddcdc76c0ac6ed4f29ab7407c3dc",1,NA,NA,1
"481","5c01b2966a87154f53b9718c8aa32e8c8ec8c436",1,NA,NA,1
"482","5c473a89276efe87cf2f62aa3b211f7253c11ee6",NA,NA,22,22
"483","5c4ef2474ba71fc0a82adc9af54f3e965420258a",30,NA,NA,30
"484","5c510f4d67fc4cb4eceed1dff895cdcda5e74d4e",304,325,207,836
"485","5c52d4f9e23ee8dcfa0954d52da4e198f16085b3",7,NA,NA,7
"486","5cc6c32171332ff0d9e394ee52679548afd7c65a",NA,17,149,166
"487","5cd88c0b1bc0727f0185bd2c7b5ed74fb3eeb826",58,NA,NA,58
"488","5cfc5b2e57541cef91d8a828f09574e9824a2f30",22,NA,NA,22
"489","5d06c773ea2d9e50bb8ed40f3dd066f41671cb37",NA,31,NA,31
"490","5d1b39281ac7885c9f005b80d3844c50294b6995",75,41,66,182
"491","5d22762080116fc78103a57f820a26fb287cdb07",20,NA,NA,20
"492","5d2e13d8d4d49d2c4fc5659325decd8161066663",492,152,585,1229
"493","5d7f81cbee45d8cfca23e7c372cbe0d94c5fd4e7",550,351,526,1427
"494","5de8e24983b39b9530fc06544c88f45c15574596",17,NA,NA,17
"495","5e2471543554c6e6c724baab37d616f6d11d57e9",171,188,521,880
"496","5e9f857251ac40d9d56b2c4d50071c6670739a68",36,256,180,472
"497","5eb57ef29a7d2551535638fdbdf7cab4d5919b3c",601,629,666,1896
"498","5f329bc97175a1809cff23399745e3a526a8f049",5,NA,NA,5
"499","5f4de44606c93f7d27570c7867fd0593c779230d",235,200,78,513
"500","5f55cd7118d3da57163ced0872286209bd40fcd2",4,NA,NA,4
"501","5f6d629aa4a729e4869fa88140a9abf4b616b444",2,NA,NA,2
"502","5f745e71f935fbba858a1ca04749e6b00f9b4c84",NA,NA,182,182
"503","5ff4ced80a4fae6654ff7b423fd5ba48fa094023",1,NA,NA,1
"504","60308e9289e878691298865736811bd8d58c78fa",NA,109,336,445
"505","605b2ec4efc3dfcc28ceef454bf76c5d7a33bfd9",NA,153,488,641
"506","60d2bfeff46813f4c3274c522d417b776aef453d",NA,124,120,244
"507","60fb4ab79acaaef541b65e59e7e4a68c1066ec1c",513,184,NA,697
"508","612acb850adeba8fa12e2e4dbedfba6ad99fb19f",NA,NA,344,344
"509","61aba2e07f09ebd0e728f4c24c33e512d1ff1452",NA,NA,494,494
"510","61f0abb6b23aa376a435e7c24ea262b8ef4fbe53",4,NA,NA,4
"511","620102f6e32279819bfe182f606212019f24cd79",NA,NA,36,36
"512","626a2b1275b2b44ff9d7e4713fa11c7379d03f60",541,NA,633,1174
"513","628e8b7f927b81f5bd457e46b402ba1d3c3e188b",14,NA,NA,14
"514","62a2486a848779c531c907ef6a6214e7fc0f7dbd",NA,4,21,25
"515","62f6b5a378b3942033895e0bf88ee72a566794b7",250,496,487,1233
"516","63010ddee8efefb0c8495979427b6b7b4f66b148",4,NA,NA,4
"517","63200c77bdf4e7b5235cad1f2b6a238ccd37fe02",108,1,NA,109
"518","63227b0144020db4a3270d811696c76c51f4ad91",1,NA,NA,1
"519","6362c15e784c4a3ddc1f284873cb6c3d67237349",NA,86,102,188
"520","637aa60cb3c5b707c57db84190273c2359f36bb7",639,592,576,1807
"521","638fe76b18bac2774f3650b9516324f014c4ca4c",98,361,285,744
"522","63e643214fd5235430aac8531d5ff8efdd7ec28b",42,182,541,765
"523","64893d74bbfe9801198bca87c19e4c084b3e7fcb",NA,314,463,777
"524","64c2d02e906f038c0ee50863791b87580d648ea4",NA,1,NA,1
"525","651e83e10223cd815b67ad888008955753378194",28,NA,NA,28
"526","652bf4233a1c7c95f4440ab39de9833a84753521",2,NA,NA,2
"527","652ca0a4a48cf5f872ad38b84e1858627512e735",30,NA,NA,30
"528","655392de9d8ed5843ef57e709e17461f7c9057cf",64,NA,NA,64
"529","6559861be08df170bd9870e04da13bf3e3b324de",1,NA,NA,1
"530","65650865231fe4b5109842633b6b3889d78251b5",473,667,716,1856
"531","657520d3c69db7b9512b14243f16d3b25fed1a21",1,NA,NA,1
"532","659fdb3f91f577b99298e2643a3aa1b1e250ddb1",19,NA,NA,19
"533","65a1c03b9820fabdf8eb47890a8ea707e0b030a9",NA,14,87,101
"534","65e09ff2b114c59c2432364ebe0985de430034b7",552,309,253,1114
"535","668035aa0f3561353c776260ef5685baa0eb97cb",3,NA,NA,3
"536","6687f3c21a171b932039f51cb14f1a7306a4b6a3",NA,NA,131,131
"537","6694f746d8beb752b45b675ecad73e051cb1dd66",42,NA,NA,42
"538","66adb85a5fec8deec938ceeb9c2b8421614e2ba0",NA,5,23,28
"539","674d8bf718327b8290f85890e3db039ea758349c",527,524,555,1606
"540","67594f978c407d20d7869d35fd2b2bc172b958ab",445,296,145,886
"541","6772422e813047d9619db583793aed488a8785d5",NA,NA,76,76
"542","678119a88d780a54011377d88f13bd971893847d",10,34,NA,44
"543","67ae877204f29309bbf2be68de4233b39b132693",6,NA,NA,6
"544","67b4dd811b60988c269a492a5ea3927036c30741",198,81,83,362
"545","67e41a583ed6915acedf8a84d34d11bad7a85740",453,333,8,794
"546","67f1f58459a3eac623952b8dda017a102fa7bb83",2,NA,NA,2
"547","685fd3abb9482835092f6c5686d3e7e40878332d",NA,104,NA,104
"548","68724fd1e0154ad957dcb97fdab47ec50785d058",2,NA,NA,2
"549","68905fe6a5ad781722cb9592664b7bd3b308a35d",NA,NA,68,68
"550","689afceb81123da993f8d83570d98530e41c8728",13,NA,NA,13
"551","689bb96d159e80f60e3c25362f9837cdd92d2b67",67,NA,NA,67
"552","68fb9ccde2c795925db20c54808ce39ea29f9580",NA,108,667,775
"553","691879748d5b77908900022e7cf1736ee048958e",299,584,624,1507
"554","693c0f07a7c78eea3ba7546c87b7013c1debca1d",4,NA,NA,4
"555","694f369a861c79cdbb3579b8fc7cb24275660707",233,379,NA,612
"556","69f55165cf8e822a43ce69144542abe72fe88fe9",8,16,NA,24
"557","6a0420ee02bddbde1f320ef2a25086c57c097ecd",90,NA,NA,90
"558","6a55ade739b29c01ae413f274bfb7d97d36247a0",202,472,312,986
"559","6a6c94ae4a02d74c296899148cc71d576ad5390a",498,372,318,1188
"560","6a921acc12ba454b6f74f3e0229032e371a2801d",36,NA,NA,36
"561","6abe653fe11a79a725382f995ad6d20da6afa47d",NA,NA,40,40
"562","6abee2a8b911338bf511e5f16c4a187cff8ab85e",189,540,422,1151
"563","6af4fd2b0e2411b744d0587be50052a125628dc3",376,352,21,749
"564","6b2bc8a2ddf021c6284a7efdc40666827bf64725",2,NA,NA,2
"565","6b7a15b5e5ebfd02abd3d24d7693239071cbf9c1",5,NA,NA,5
"566","6b9c113c5a64a6d885c3998c5e5b1c7c8af78454",31,NA,NA,31
"567","6bb1b0754829982c54484e4d2772d2616871b8ff",690,698,602,1990
"568","6bb6fa4d4664b36a3fa082b63201434d46e09da3",9,27,NA,36
"569","6bdc0c759ec1e9fb75b5409c2644bd76f48d4a12",2,NA,NA,2
"570","6c81d9bda7c62f45e6c476141d12d4d4a300c224",4,NA,NA,4
"571","6ca9cb26b733531c9d51fc82567ecfacda4bf9d9",NA,NA,45,45
"572","6ce6f832e5197576e4c34b6f627434b5cbc97c61",33,NA,NA,33
"573","6d0a27712f982838ea4e2763d486818853630edd",562,607,665,1834
"574","6d379c9daa561b18425290480873fd9b17a90610",59,NA,NA,59
"575","6d3fc477390693adb11d4356e264530cb9abf094",2,NA,NA,2
"576","6dbba4981725d29542654da40a0a420a06b16944",66,40,171,277
"577","6dd18dfee0b58ade4f67f1e5f111c57f60599dff",NA,NA,44,44
"578","6dd582f3298133f1940215ba26611bd80b2bec09",1,NA,NA,1
"579","6e0e372e926b3589ef8fe67ee955ef197b262075",417,633,611,1661
"580","6e21c8648f192b0f917c29147c8105e1f85021a0",89,8,NA,97
"581","6eb7a8650645b4b541c27ac08b5eed4ed1c59b4b",8,NA,NA,8
"582","6ecf93cbd6a717025171e02346dde11e6acba793",NA,7,21,28
"583","6eeab0ba2727d817ac0775cc708ec86d78124c05",NA,7,235,242
"584","6efd5afb47ce031047a04a267397cf19941cbbc9",1,NA,NA,1
"585","6f137dc6476b3dcd40fb2ad6fa57aad5e75661b4",131,63,10,204
"586","6f6072a62e0fe217b68dcc5224ebb53e1720b3d0",1,NA,NA,1
"587","6f664a1df28f7e1fccaf73beb75adfe6937f422a",311,276,52,639
"588","6fa24a3156857c8643a76888f500975256da9aa6",15,NA,NA,15
"589","6fcb501f6a4821c0b0b2a45b6109e1f1fc787638",2,NA,NA,2
"590","6fce7e6aaecd43623d1e0e8b508478799a20b105",11,350,NA,361
"591","6ff6915667d4e14b8b1129e499ce91ecded4df44",287,296,236,819
"592","705a86ae9eebf0316b273ee63d164031a7b38ea2",4,NA,NA,4
"593","705bd2962c69a2d18c196329eb7167125e3c1e06",638,597,518,1753
"594","705f321caaab88497d60fb13118fa066f73650a6",55,NA,87,142
"595","70e1d92abb87036fac1fc12cdb769d2df0938529",306,553,377,1236
"596","714ffc00a69373619fceb2807b39c16cb3e7a917",NA,NA,223,223
"597","716d6f2aaed3e620c6c5b714bfb99d57fe545ffd",4,NA,NA,4
"598","725357e7f2e42cfc4f08591df5caa9bcf5ff6280",NA,NA,326,326
"599","72652f1b57a59f4a8e278cf070cca49ccdfce670",358,354,151,863
"600","7268472644e0b09901bef6495e2a4d455b4c1890",61,NA,NA,61
"601","726e3476c9a02b551c4633f987e580e4d68eba5b",NA,NA,1,1
"602","726f300105ad69d160d0835fbbaaa4dabd7d7d39",76,357,529,962
"603","72a56d0baf70ccc97359536f1d62d7b513d688c5",1,NA,NA,1
"604","72df61d622032f8ac8599616b662662f65ee22e5",7,NA,NA,7
"605","72eff2388181d1ad10baed69adc7fceaecd485e6",572,524,548,1644
"606","730c8c933b8f6f4425534e371b15723d0f756ef4",112,220,NA,332
"607","7342c287be8b3735d2c7dc1688a60447dea969d1",317,3,185,505
"608","73954cf0580c676cbbd2426384d69bce4d997458",NA,71,12,83
"609","73b4d0c624c772c7969d5df019766bb774bf4f9b",691,628,527,1846
"610","73be4f76c2bec88740f90212ac33d9ca13899275",NA,57,345,402
"611","74048c5d54f8e79cfee1ca9803658cfdf3bd4755",511,382,116,1009
"612","7444ae27fad0087ccfa349699a76e5c4b105de5e",48,134,28,210
"613","7451bb61548adc7de276059b5a577fb05329b931",603,584,327,1514
"614","74877ed1ee85fc60a019745c54752f90c7634ef4",6,NA,NA,6
"615","74f22fceb707d091d74fd07c2e347a50dbe7749a",18,NA,NA,18
"616","74fbd2c42d3848988ba22644a52c38a95f26283b",426,589,648,1663
"617","7508430dc85b53c739a8e2906062c20e7c6723f4",62,NA,NA,62
"618","750c81e420c154073dac06495b619ec4974d4add",628,595,478,1701
"619","75174627fd934205ab7d1905d926b580814f9759",588,564,575,1727
"620","754394da3ef8364f3fd28f33a46f5c9b3dfa9e74",NA,NA,6,6
"621","758f4f5d04979599254021276af78a2bd48ed76a",286,62,148,496
"622","75974da3aded6c20132e5deec637421440e53359",26,NA,NA,26
"623","75ad557b19db10988d6aaa91a3fd8fc0299ca2d3",6,NA,NA,6
"624","75ce0a1bd9f071026e5af9205cbe9e010b6291ba",41,NA,NA,41
"625","764d7954371a69487b47d4def80d80965f138f5a",7,NA,NA,7
"626","7667f17f281e6cebf0bd315bbe45d0989286fdf0",NA,NA,124,124
"627","7694076619c298b4556297b20afaf8eb50461cdf",720,552,591,1863
"628","7695d350b8d34fbda2e2b035eeb35e2d919b17b7",1,NA,NA,1
"629","7697cdad70aa01d9e4015b56f31a29246e651111",396,314,344,1054
"630","770df191534bf92872c781b504300adb0fb5c181",21,3,NA,24
"631","7722b8dd19ac11966d6768682582e0c78cfb1d94",9,NA,NA,9
"632","776addf45775078d8c8694a7bd333845153f5529",1,NA,NA,1
"633","777050e2c47c0765d24b18c9952d79781c880701",18,184,111,313
"634","7782c6f80f8c16a3fda7863722e9399e71fe96b1",230,426,291,947
"635","778398d887fb7e79eaf4b535086a6b5daa070445",23,NA,NA,23
"636","7788ff0375c64348d36ae12869506ad498eefef4",237,565,411,1213
"637","77b8b8ae529e8611e766f75faebf5fca595fdf86",2,NA,NA,2
"638","77f57d6df721aac3eae5ac72bb381cf02486cbe0",NA,NA,241,241
"639","780ed741283eb2ec297e0503fc5d4fcb2b56cf30",122,NA,NA,122
"640","78576937fe7d731544ca5bd0f668e5f6b3dda9f3",1,NA,NA,1
"641","786672c08d33f1282d91da2df59542edc3219d39",536,639,691,1866
"642","7884ea053ee1a638cd6fa91c1f322f4dc0ca271d",2,NA,NA,2
"643","78854553f9b7cfd514c3d57624b3b122a269da35",594,392,168,1154
"644","793587fe9c1be3f0c7a27e768f7e54bf7d13ac1b",2,NA,NA,2
"645","7943ca67b1107c5e29a6d81db2c1d3eaab33b73a",240,6,NA,246
"646","797c1a83ff7da64a7724d4e1348d44d1b4182b3d",1,NA,NA,1
"647","79ae84f001d7d14f78615e97cb3785e112caae49",154,335,118,607
"648","79c9f44ce7da2377e52e91b02e683e29b3417c56",29,6,82,117
"649","7a0e9a6d8c15c2362a276c88e9f8ca7f02d608b3",NA,113,457,570
"650","7a2d30ea24f92530921df21aedaaaf1396efe3c2",25,NA,NA,25
"651","7a41536ca370190d3d4d569d8b78369f63297956",NA,127,149,276
"652","7a734023f315e70b918df1a932a61b6584870bee",1,NA,NA,1
"653","7a891d3cff176ecd273e99f30daf952fdd346151",2,NA,NA,2
"654","7abce7d17f61be90699da13c705e4f89352a8dcf",4,NA,NA,4
"655","7af48e1450f901283c9991039ba95e32a606c41f",110,NA,NA,110
"656","7b00d5dda854778e8d3ba783d4918faddae32575",625,467,575,1667
"657","7ba90f6e528c892f6ff6bd73d37d26ea3b451481",57,NA,NA,57
"658","7bbad804f2bb6d1e1e13380c3cda7d595303f4df",128,174,NA,302
"659","7c3ed05a692adc3cb5a5766fed3b9e63b8c195d1",346,NA,NA,346
"660","7c4a0dfedf9b0dd9d6b2dc4c349f597e4e03063c",254,224,NA,478
"661","7c4aac467b33e852bd7ced9f09a35d5a780a0fee",260,NA,NA,260
"662","7c681762bb5e92ac8bf0a53eb9b41e3fd8c77ef9",1,5,NA,6
"663","7d28f5b8f58b7dbe4d72865e5d30af967f01212d",64,NA,NA,64
"664","7d48398a4b12c939bee2a58003e9c52b99dc915c",34,NA,NA,34
"665","7d73305e306705436ac4f31f8149a297d95b0040",3,NA,NA,3
"666","7d762f5b852b8c348324aef302252294f2696d9d",NA,103,56,159
"667","7d946985b040644566a85225b71b4ca54ab56552",544,626,278,1448
"668","7d999b3b292579a2f039e815ee6422eb53f3e221",418,21,NA,439
"669","7e148dd6c0520cd48c32cbfd55c0d41a9d240c04",11,NA,NA,11
"670","7e2ea9a1e09ecedbb82fa041fa50fa6f9b1f2e88",NA,NA,408,408
"671","7e717ca62155014bc93e32d418f96dda585e8bcd",NA,122,56,178
"672","7ea557c127e6a4df423fe65230e6eec83ad76cfa",211,534,352,1097
"673","7f42e3fd93af2d41d8f8479ef030a32dcea07a2e",173,188,NA,361
"674","7f7ee7e34e48b57d3d1b534e5cdc4aaefc780091",133,28,NA,161
"675","7fc1649c77a577cbd7893f4e3ed89ff542d9e3c2",596,553,491,1640
"676","7fe97fbb484e94e5f2cc6de69848bc3f5c393922",141,492,361,994
"677","805ae58281deba6d30ed460ec662adc6489bd7e0",416,581,194,1191
"678","806d60fa9695fda61e624eb0c6119eb0c1856ebd",111,175,384,670
"679","807d11478d4d142059b9da549c160bb64f4a8917",449,NA,NA,449
"680","80af5e79fc626b82333d265f2258c238539232e5",1,NA,NA,1
"681","80f3a94c7bf1ed6397017744dbb75ff931902e2d",656,679,592,1927
"682","80f734d807768cfbfb215d8f9ac5caf20991033a",NA,36,496,532
"683","80fe2c6a392ae1a7535192e20c7d47b4cc05a24a",1,NA,1,2
"684","810ac2caa9faf2673d3f3ace92b7f4b857334a22",5,NA,NA,5
"685","81272c934b63edda7b2c6ca9f268f5a594ce5131",555,614,639,1808
"686","812bda429f3d18d027657b049c110ed4130ede6e",1,NA,NA,1
"687","81bca117796907ff95667efc8673877ee01839af",270,405,243,918
"688","81c84c1a4746858d5ad0667568ae5c78c90bdd18",NA,NA,5,5
"689","81fc5490cffd222b118a1302c916b85b26ea416d",147,62,54,263
"690","8268c9e039e5628e74e432e55d3d726be52a443c",1,NA,NA,1
"691","827135b2373b76725e3861585e8180bbd1990e19",20,NA,NA,20
"692","827f37c0cc58baa7917b8c6eaf57b9b50b9800f2",4,NA,NA,4
"693","8290ab2133e0724dfa4c029c8fccc4e082eeab6d",425,379,407,1211
"694","82bb4ebfb1effa9dc5e8d6a078bede9625842c73",NA,23,6,29
"695","82bde68c049407a9ac8f5aaa0cfb1b825b195dba",2,NA,NA,2
"696","82cb9c0e72ca056b5de69fc76b30f69789740cbf",2,NA,NA,2
"697","834bafd5b6ea070a9db54c6e4ab5a3153488c22d",206,285,386,877
"698","837484931d4d9194973ae70dbc31984c986adcdb",691,246,230,1167
"699","8385d8f483d01edb19652cda2c3e8859c97572df",2,NA,NA,2
"700","83902f320532a76b56367b2d4c62ffb125fdab44",1,NA,NA,1
"701","83a67a77ec3fd10c2f7c1120915487f1493fc797",31,NA,NA,31
"702","83b0284261e2bda954f2c6b2dc67c2a5e4f3c127",14,56,403,473
"703","8409ad37278a80cc08b0efc4ab62971a072fb03b",1,NA,NA,1
"704","847d88b282780a11b682814f019fcc9e444db809",637,602,456,1695
"705","84aac2aec4fcffded30577384d92145d99fc51d6",11,NA,NA,11
"706","84efa1f1b49e61ebdeb8aa5034d4d4141b4b20aa",NA,558,633,1191
"707","852074cf280f7e76d76696a7a3e2ed58bb096c62",NA,1,NA,1
"708","857f66fb5a1cb8bf41d5b41f46a603c787a74ba4",82,8,NA,90
"709","86bcae85b42e4632b6b1167f62009ae645bfc8f7",5,NA,NA,5
"710","86cf628e1112a181be4611a389056a599ecd4c63",18,NA,NA,18
"711","86eea80678fa86ded9f82ddee11e168abbb059f7",1,NA,NA,1
"712","875be6a8f72ffd17b4c0eecc36f80c8abe19913d",NA,441,538,979
"713","875eeca87c6f80182a88c2a7b92c048b9e10b5e5",104,NA,NA,104
"714","87758f0175a131b8836b7c378aad170e3c379671",271,404,425,1100
"715","87ca657490379e57023509f386c3345a0d0ea93f",25,NA,NA,25
"716","8827b470bf94e8b5571254ef073b73c2408faa02",NA,61,329,390
"717","8834d134e135e1ea1915b5d3733e30232e3b9d09",550,508,352,1410
"718","886d88cfb015796450723c53c2d9d0ed7e757a36",378,181,411,970
"719","88a241e142df6a547f9188eb81f5c2ea8f7adabb",270,124,1,395
"720","88c3fb65b5920f24c35ab0e5af0e63dfee325694",NA,171,330,501
"721","88f801cfbb1b3eb6a4c2ad25f0e7455ed24ec0e4",NA,14,NA,14
"722","8909a1d849c739edc440f927176f44f115d56215",359,472,157,988
"723","890d67add2583db4829420c56ef54e478ab712fa",381,NA,NA,381
"724","893b400f9a9431d20a387e79c0e848f58bc4600a",NA,3,NA,3
"725","89867c611e3d19353f81da7951f84db1bf5d3045",32,NA,NA,32
"726","8a08ce5d05e0465063d79ef1f4d943a508e6ab9a",3,NA,NA,3
"727","8a9d3a81efbfa92d784cbbed0fa0da7160945dbc",179,117,55,351
"728","8aa7eb1e7b944c452da918f68cd353e5d1006bfb",4,NA,NA,4
"729","8aa9e1d68032a79c4081bd1a45ef0ec2a654f7d8",40,NA,NA,40
"730","8afd16f224ac81d419520b3a9113b4fccacd2bdd",34,NA,NA,34
"731","8b04fa5301010f7ed5a77b2a440de2e1019359f7",2,NA,NA,2
"732","8b56a85ee94ae8780f6ded359e6dfe292bacf2f3",469,555,616,1640
"733","8b6ab46ea4fc59c10d45397e895b2cc98c78d03d",4,NA,NA,4
"734","8bd7aca31aca3f9dea95888e3c5585ce9ca573f2",37,NA,NA,37
"735","8c17e8a7773b0425a915a91dfb424ca0db361135",6,NA,NA,6
"736","8c1ce164c9c2f88827df8e1c1ac13dcb77721697",263,381,361,1005
"737","8c6225f4d65d2c7f53ac99f03ac9462b6ed219c2",38,122,125,285
"738","8c7037e5fcbeb54c8b80309257a7eb4d17cde185",2,NA,NA,2
"739","8c707a0fdf914da1f3a352d37ca3cefbe3095e6b",1,NA,NA,1
"740","8c73f6cd68b778eafe43675872c8fb1990a7505b",623,621,583,1827
"741","8c90f794369f465ee58444ff53b647da2dcc4d69",NA,NA,129,129
"742","8cb0077cfb3e22ea21306da0bccccd6780395e82",6,NA,NA,6
"743","8cfe88c0f00c7ff66d1db6863c7758e1fcbeef95",37,253,NA,290
"744","8d2046fcc57abbb3c26c8f35be215bb61d0df58b",NA,557,706,1263
"745","8d49a970bf227895eebeb708bcd5e54c2d11c577",6,NA,NA,6
"746","8d52463bd475d8e5e5858e95f058f473a3a875ba",162,69,17,248
"747","8d5fa26e75d233f2a4a8179fd778281b12a94445",442,549,228,1219
"748","8d8e84cd258ba3184b3ffa45b5a15c2ba38bea51",88,234,532,854
"749","8dadfe6150b40bec49e070d2e57d3ab5d77aed67",132,1,NA,133
"750","8e279ef4dafa65d4db8b0d74ae3db9a34e513259",72,72,407,551
"751","8e7a2aaf51e0be60f020520d8fba28de7666a2ee",NA,21,NA,21
"752","8f207761a5d661092d192327d82b31fffb03520c",497,574,552,1623
"753","8f32367c24170f9bcb60d681e3b8b46c3d512a43",21,NA,NA,21
"754","8fbb14aeace75af8a3660d5b9579886cde9bea53",2,NA,NA,2
"755","8fc15777ba7771d58f5b6315b8f94ebf01026c9d",34,241,325,600
"756","8fcaf91f08e35e99da1f6a7c5608b7784b2d30b9",NA,NA,64,64
"757","8fe5068677f925b38c5c2fd0db4d9d876a3eac57",538,556,600,1694
"758","8ffc12422baf26cf276c1b0f0ad92fa8121b841a",3,NA,NA,3
"759","9059a5a840a42c6451c38c4e4f175157c3776499",NA,44,454,498
"760","90a070907f17653e0a17503e68f64bd202a11dcd",18,NA,NA,18
"761","911969f42ed79b91bf1af292e701c08467492010",5,NA,NA,5
"762","911c1207c6750d3cadff20ce7f8a4bbbb8b30c1d",40,1,NA,41
"763","913da07ac6083c646f98219a1b1cca83f3860112",32,NA,NA,32
"764","91ab8ec137cd8cbd6baf9ee89fc9aeb62ded3da7",595,599,625,1819
"765","91d6f8297a61343c126056e697a96916e24906b2",516,573,671,1760
"766","91ef250e37a6e9dd6860b88ffaa44d8927c2dabf",588,147,21,756
"767","921aa36e5e43f774ff388b56c9a22b687e75fc35",70,NA,NA,70
"768","929edab2a8d29837776c3f50bea0d3f72d3a49cc",149,415,567,1131
"769","92b39f1799425a345e062289fe6ff65945d0406d",1,NA,NA,1
"770","92cf5731973c01a7e48b22d0d84293dde2d9c0d8",1,NA,NA,1
"771","92d40aa16ee14bbb2fcec72a180779d0f4a3882a",341,584,682,1607
"772","92dc6059c836b1d56350ffa0b2e5a8d40eaf2b99",46,NA,NA,46
"773","92eb85330143dabdef25eb574579317b17f58c66",NA,167,187,354
"774","93123491a7701d0fef837ee5c438e5326285427e",331,369,136,836
"775","9393c8b0d21719becbb43d4bd46ce8065d9376b5",NA,36,NA,36
"776","93bdefe564da37d9e3673aa52efa1d597ef357c2",50,177,220,447
"777","94022225059b4f47a16c740d3ca9dfab8f6796cf",NA,71,NA,71
"778","94031e55e26ae3374eedd6291d8c2fb31b4db61f",264,247,378,889
"779","9422da9471971c7d63c811846a1b705e6326265e",1,NA,NA,1
"780","942f426d540867cd8b15c9601bc5128908d8b6bc",289,NA,NA,289
"781","946e08c0ab2e891f0ab09ae41565b4cad912cedc",124,47,149,320
"782","949299bedcc324635a1b36cfe3a0576f2998dce8",NA,59,12,71
"783","95236b4fd750bc6b34a37f3d6a42a85248e61f38",NA,25,NA,25
"784","9565cd503b046a419eae279ea75df9fe4bab5cfb",12,NA,NA,12
"785","96174218b30a843dc7df8cc053890b96e83ca9b9",2,NA,NA,2
"786","9629bb0fd4ba8f090f503488e7f867404b285fb4",15,NA,NA,15
"787","9670df799799c7b799a7004f69d85f626799256c",522,705,685,1912
"788","96b9f488580e1168ea73abcaf596b68f832837ac",NA,NA,21,21
"789","96d173cc60387c102f2e79c0c3f995ec87114b33",661,696,713,2070
"790","9704d821131f5f3bf72417dd72fed844bfbf1d3f",30,NA,NA,30
"791","974da7ca998a53fab667e1da02118395998bc787",1,NA,NA,1
"792","975ee6226b2a5fd9aeea15763b119ce7e00a26df",362,434,435,1231
"793","97864bd4db7076b4cffb32c072171dbf26e54789",NA,NA,165,165
"794","97a644a09672c8e47ec21218e79e175bd69513ed",39,NA,NA,39
"795","97cd9d4df67903746bd5b03328d6d4361e15c566",1,NA,NA,1
"796","97d4b328d1deaa01e03d9e002ca05b88c1f558fb",NA,4,NA,4
"797","97f7a1f1d6c0a539b27cbaf98b258ac56f901a3d",378,167,30,575
"798","9857b8daf8b6805100daad8635a094006a273738",30,NA,NA,30
"799","985d89be2ec7d4a5d9160a7d1d4a0cab6f2894e3",6,4,NA,10
"800","985df9c14f0ad348023bdf03c566a09fce121e37",NA,NA,205,205
"801","988248071ac6854ec1205b5a93b3f86f2b4aa8e2",2,NA,NA,2
"802","98bbd7845155dd969b1ea100f72d9acb2a6357bc",229,156,317,702
"803","98d39da4660a2c21dcf5392b2ab6833a816a209c",49,288,122,459
"804","9913abc66fc538f252a1e2fa25f2a4ed7281f71d",208,17,12,237
"805","9953eb87ac2126d387cfc6fd55270701d98eb164",NA,222,439,661
"806","9a0ad12d9f4c17d37679e7933146d5d9b9743fad",1,NA,NA,1
"807","9a1f22fde2e9d6e42948fb6776e9dc807aa9e7ad",NA,4,213,217
"808","9a4d7507b0eeaa7442b0844be58ebafc3d3e38e8",18,167,20,205
"809","9abf64a9b0f68285e596cfd52740aad7adc7107a",NA,NA,45,45
"810","9b52235d7b694738421b6c2ed9271edb04553492",602,305,576,1483
"811","9b6cc35e0e92b9434e3b5034c9fa66b507cc6928",56,NA,NA,56
"812","9b9fad3a6cc34d2070b2847bfb99a4de6cd99851",NA,NA,149,149
"813","9bb7691c5af12edd8f71f3045ed9f0c79c2e8142",132,NA,NA,132
"814","9c4413851a0f4ec032f2262e2734e464372d8661",247,194,185,626
"815","9c74a38201f1e385bc65b58efdb550f413a1f9b1",NA,22,47,69
"816","9c9042a648cc4c291bb50e605647207ca6198e52",145,163,54,362
"817","9c9403b1bb4663b2f8211ddc5ea1fbffdd12e2f4",NA,NA,108,108
"818","9ce7d8a2abb80aa52ddbf3118d4a37b127b2c034",294,236,336,866
"819","9d273c21e5938995493330a41bca1490d1216a28",NA,50,303,353
"820","9d2f2f6d4181ea6431e5501ed0ac8a88d97a3281",17,6,NA,23
"821","9d81a68a9bd269c880b643126cf65c46fbc53424",104,NA,NA,104
"822","9dc0903fd6704325b19057c6733c91c5f88904ef",NA,404,684,1088
"823","9deade90ff2e096dc2f802bbbc1447dda3883961",51,NA,NA,51
"824","9e4ab3f03f8c4417b3cc0c658427dec4ef21fa68",7,NA,NA,7
"825","9f0206bf0b19396411a36c413ed75a0a5d1d9abe",381,351,291,1023
"826","9f3083a9163c554b4819ad6a16aa66c05dcd23e3",NA,NA,101,101
"827","9f97eba0f0f065f43f3bae1fbc442de93be9cf41",2,NA,NA,2
"828","9fa0ca822af3b3c13f5f8cd4357aefbbfad6a5c4",NA,22,139,161
"829","a005eb90265f5f1aab9e88a48ec4d05f1568afea",163,161,342,666
"830","a01b77093fcc337dd6b0facb3ecaecaf60ff7c0c",8,85,NA,93
"831","a079504e3d24bdab22dc3d906f9373df6d2e0d73",36,NA,NA,36
"832","a0e33189718b08f6cb24133c4833a14ff1ff980b",12,NA,NA,12
"833","a12dfc1f655a970791e299576b3149268d46992c",285,450,500,1235
"834","a1639e7871881ef53f45c5a8c8e5a4d42dc73347",297,444,396,1137
"835","a179f0ff3993e330461d42b82a4341dc8352ef3d",2,NA,NA,2
"836","a191dd2bf4127c65de4ce45412b6c37ab99ff7d1",1,NA,NA,1
"837","a1da4de2954e5c911e9ff85b2361be2430721882",246,376,483,1105
"838","a2492466d4a5ab3f0b605db3ce867e966f605a0d",540,506,424,1470
"839","a262ec79e3b889c625f9afb5b5d29bd2cb43b737",NA,NA,34,34
"840","a28d972a945f563770f28a9fddcd0bea048d761b",321,408,457,1186
"841","a31ec46eb2c0f70981371bf166b15e9f4c94e364",4,NA,NA,4
"842","a33c78c2bb3985b85902bbf4e9293e9b4a1c145d",NA,51,294,345
"843","a361af09cd69dec795d850448e306d7dd3fc18ad",8,NA,NA,8
"844","a362813a343a35045066d9f3b54337164f71bf24",NA,124,30,154
"845","a38914d08a6bce0ecbc6501e3ed2cd89ed34ef02",131,86,292,509
"846","a3d16709d576cd417aa21db5fe63e79565dc0e67",54,235,NA,289
"847","a3ebad92341cbd9f898f20ef6c818ce1821913df",NA,96,499,595
"848","a3ef4621bad2179060c871a3bd87344f645d5bef",NA,93,419,512
"849","a41c10001c469496dcdfac999a14c380af44bb1b",2,NA,NA,2
"850","a4226052c7e0d04d4c9fdc737eada8c1d5d8e8ab",231,328,488,1047
"851","a452b63757e97e908baad6557a89b85f23f0357d",1,NA,NA,1
"852","a45fbcb3331ccf78609bc7b102f4a9c4166c99cd",108,135,19,262
"853","a4864a089093790ad08fbfae6330390834879633",NA,4,NA,4
"854","a4a4a9af570f051b4f4c7dd85cd48badef16d7aa",175,37,16,228
"855","a4b506ad554bf35ae6d966f8997b30554e28e967",323,247,209,779
"856","a540f5b1639f7c7d09108c6893fb30986b89c533",588,671,546,1805
"857","a564a07b0a14fac896fee84823537808e7c2b6f4",84,382,574,1040
"858","a5b5238dba0f5c6ff606427714695418db278a61",82,17,29,128
"859","a5f4979b97b2f61c5539cd206bdddf51c14e489e",1,NA,NA,1
"860","a60ee7a51235ffd74aad60511c621cd61a07dc65",533,562,537,1632
"861","a6550efd02c29f45ff7965866f098ec2b79c399e",575,506,151,1232
"862","a6bbacb02d96505560828f04be48efddcc783de5",140,259,6,405
"863","a6cf9590f619b2a322fa44f5628ae81d9eac26b9",160,NA,NA,160
"864","a6da60464d65325db2790e3249d7e40808b10134",NA,NA,44,44
"865","a6f7d8d0bc6a651cf224abaed2235f269a69af99",NA,NA,329,329
"866","a7303f4e8da8737691fc5803f2fcc1fba73b1c5f",NA,NA,34,34
"867","a772e9dc1c79afe8680f3d6ba2c5b611dcd8390d",378,472,NA,850
"868","a7ab335ba29a72bc194f77b694f23bd2eea9c4da",221,117,17,355
"869","a7e1cd05aba0f2ec8bc68de48032f74ef595db5f",NA,11,NA,11
"870","a8bb5bb25de0ae8cdcf2ead3b205f91e19453a23",583,181,334,1098
"871","a8bc5d972d9f4c0989ecec80cebd10d6d906b41e",127,451,311,889
"872","a9575a219e177b56f4550f5f8fa4f0d9e4a63524",224,212,200,636
"873","a9af7fd296a2b7c70d77fb936d21d92c0094a739",4,NA,NA,4
"874","a9b53974ac34cd7c03133051645ef424e81c3073",642,644,722,2008
"875","a9e0f366a5368bbf1833182a1b7648e48f0e66eb",NA,NA,31,31
"876","a9e535904018bbe69a8ec9efcee107ada25454eb",NA,NA,12,12
"877","aa2b5cec4c93c8c109ddc28e11a196a39ab1caaf",NA,131,45,176
"878","aa3d79f358afbee1f5c09c94dbabe17a75f0e319",2,NA,NA,2
"879","aa8f48170af8888d0c34eb83f563f16cf540ea52",181,171,NA,352
"880","aa8fc6498e64d483653ea6a5b72020a48f46863b",4,NA,NA,4
"881","aabf3e39315d7cd1df39df4ac9bd3c8b3dbf863d",526,505,340,1371
"882","aadc17b2a52938ab9120dc51b23aa7580a53e75f",1,NA,NA,1
"883","ab0cd1b594b0a41f4764e09cdd25c6a2f552896d",20,NA,NA,20
"884","ab8194b8601c80f1023c09fd6111d5e07559af5f",62,NA,NA,62
"885","abce054072df748db18a5586a593db91f17ac772",13,NA,NA,13
"886","ac6c219cda0fbffa9e7f8ee244d87a114e0d25f3",8,NA,NA,8
"887","ac6cd50fc5fcfe7d555d0399cea6b27655ecd48b",78,NA,NA,78
"888","acb8fb88563f556896704e7c130bcc4f9119978e",445,674,NA,1119
"889","acd318ec4e71a8767720c5f1b998bf0cdb6a0334",295,80,NA,375
"890","ad3c96b12eb524da639ce2a34c52cc10121452a5",33,NA,NA,33
"891","ad47930a680553ceaf66aa09cd1f54eb49131534",NA,169,NA,169
"892","ad9fffe6e5f822d9ee61fe0ee76bce420f15b799",437,471,268,1176
"893","adaf6b76ab504ed185c2d0571f6899784407a344",622,655,632,1909
"894","ae090ac7b421da3981f417983bf7cc75136411eb",470,666,625,1761
"895","ae4482e6eb66198561ebdd43c0912881ac682933",33,109,97,239
"896","ae4c097ec1b82467f39a289508fa1e2182a46e70",59,NA,NA,59
"897","aead3aff7037961e6558847652bbc1591f64110f",3,NA,NA,3
"898","af2204da5514e67430e221c1d858a31cd0a6400e",686,605,638,1929
"899","af388e1e5464cee85e1c6c8233272cc68325aa15",55,NA,NA,55
"900","afb9b85defc6fe5c3f48681480eff4d96ab723c7",2,NA,NA,2
"901","afdd2d59d3b9ffcdbb589f38b24ccbc6ec4f5423",460,225,356,1041
"902","afdfadd420af8a174c67f227ae492ca37bc28c5d",3,NA,NA,3
"903","aff8a2d80cb6602e0e5006f882e703a163fc3c16",10,125,NA,135
"904","affcfa63309486ddfeb6dbddb82201f7acad2ed3",6,NA,NA,6
"905","b032c7c0874f4bf88ac83799db6e22a3671a9548",94,199,108,401
"906","b03810a4610dcf65acad97a601676e2181e8ba6c",51,NA,NA,51
"907","b0c52bd50d2f39a827d327d14ec0ddcde23f2b3e",677,650,682,2009
"908","b0ca73a5ca175315fc896841cd462fb9b33a04d8",28,59,13,100
"909","b135b247f1afd053b201fc7c434493408c5dcf69",567,481,262,1310
"910","b1498ed07732f6c10cc423e43f757dc0e914ddf7",251,190,112,553
"911","b15267169aa4619e07c581cc461c727318e8a37e",11,NA,NA,11
"912","b16b823740b268b9519845df5a6cababf87b91d2",2,NA,NA,2
"913","b21a6051974e0e8db266dea699cd55ccaf6f91c6",37,NA,NA,37
"914","b22db023ce05fb9ee759978c1bbf96289c0613a5",45,29,NA,74
"915","b2666f572da8aa3626c31b495ee97f7905a903d4",72,NA,11,83
"916","b2bc4643e75d271fedf8f25928173e359b9d10df",216,442,93,751
"917","b2d0723e921422f2cf6e955a804873220f46f182",NA,28,NA,28
"918","b2e83691a8e240b99ae212eea4f3481119f0f697",1,NA,NA,1
"919","b33a86374eb5b230a1c81bc1dd0e92dc86c87cd2",86,16,186,288
"920","b35b8887b05af2a7939eed185a0cda2eefce3be0",39,NA,NA,39
"921","b36de5460906bd9f68ad893c9e0c9011741b892f",NA,NA,41,41
"922","b396ce142783977b1ecc074d2bfeaa779e299ece",503,220,NA,723
"923","b3fdab9bed411099bce96929f2bad38d1a17d260",3,NA,NA,3
"924","b4246bd7233f08e749626eb0b7647d295f2e37b7",358,529,732,1619
"925","b449dbb7e104cc6f68d4096397b733bce74fe5c0",541,546,190,1277
"926","b44b24f15557ba72ed6c35df9e14f6b79a63f12b",4,NA,NA,4
"927","b457b98c999402bcaafcbc50238ebc5d85510b5f",387,308,123,818
"928","b4b5164f4d6e3f4a9be56abcec651e4f307daa08",11,14,NA,25
"929","b505fcd3d7225538a30ecb5c4edab3e4b4b2c6bd",3,NA,NA,3
"930","b55198bcfd8fd7cbc333e263f414c6e320523453",NA,10,NA,10
"931","b55ad857cb7cba7a2a30ce9162b84918cc9eaec2",257,459,318,1034
"932","b56dc9f71a1fdb5d34b826d29f39ceef950b2e64",NA,NA,46,46
"933","b5f2346c7c507eb71507e93b9202b6c332a72386",24,NA,NA,24
"934","b6053cab8b9347284f9e4d50946741e97c13bd29",115,70,NA,185
"935","b675e6a4582eeb4b59c434f8f5d8d0714b0b1abe",582,573,414,1569
"936","b6961328212704f571844134b57eb766396c2765",36,112,322,470
"937","b6a6528f08a0e1f3667715817bd1b31609da0e6d",4,NA,NA,4
"938","b6a6add81b3c0c558430e20f668a39790058918d",463,362,336,1161
"939","b718639f96416463c27b0dee463131ffe4d74962",30,4,NA,34
"940","b7609fb0febcebfbb70a23fa2a2d57135c168036",559,624,480,1663
"941","b76250a480383127f8406788203703b8923ceb16",370,381,525,1276
"942","b79fda68e6cf4543206fe62ccec8fa72de488635",4,NA,NA,4
"943","b7d69db25c114771689e75b02d1e5861b4a44564",645,618,609,1872
"944","b7d7b9482bbf4aa2ab584f7ca51575e6587154c9",6,3,NA,9
"945","b7fbeb6e14a4fbade5bce6353b1ef65a3422e6dc",191,NA,401,592
"946","b82253f5145945f4206de3591d739a50146587be",197,266,NA,463
"947","b83415844d646f861f4f3839c05b0dd33d56b036",105,53,2,160
"948","b851a6b5a63aac46209fdb42fc8e5f61619eebab",9,NA,NA,9
"949","b8bcf8c84a2ef4f59364cc52dbc2076507b78a99",NA,44,NA,44
"950","b8cf7ba222a75f7d007d24c912715bc13e06a06e",7,NA,NA,7
"951","b8ef1de941498a52fd463411f09b22dfe580d92f",668,479,418,1565
"952","b9123fd6020d7ce08c9c11fe2fd0750901310635",8,NA,NA,8
"953","b91f465211933e9f5c33d66d59a950c3ed3e7bdf",89,NA,NA,89
"954","b96aacc9d189d612fdf6bb0a3a53913f9a58f999",572,579,473,1624
"955","b9b6310bc17b1107269935131bd8948424456a74",24,NA,NA,24
"956","b9d55cff57b492a19f70c8367d88048159198a06",637,683,521,1841
"957","b9e6784516b5651712b4f7a92335585d2a80aa0c",665,228,96,989
"958","ba083a4eaa2ab6bce8f4f6ca0479607ac4156d08",NA,NA,36,36
"959","ba38cc5f68961456e9defe26288ee5e345cc9791",3,NA,NA,3
"960","ba3b4d054745187f4783166f76a451c18714cf96",NA,NA,262,262
"961","ba5c23080e45b2899506f8a46d3c3359b9a3a2bb",NA,11,NA,11
"962","ba7c40dbc1e901a38403ae23ce7fc3d6a72e67b0",179,NA,NA,179
"963","baa3b17a346a64bd69409ed26f14711da996d4ae",NA,NA,132,132
"964","bacc3c84803b819304c57688dfb61c94cce8ceb7",13,NA,NA,13
"965","bae2094f94250760f7a58d8c0c73612e6c87eb2e",97,NA,NA,97
"966","bb35e1261b014ae28854bee33749be3014abd759",2,NA,NA,2
"967","bb4b4ea98775420ac9e6b12fa25d54b33af99a38",402,238,400,1040
"968","bb79aa7fbee42452c7dfaf26053fa2bd1f8e18c6",45,NA,NA,45
"969","bbb949d31b22f9af2ddca2a9a26b505e2b256f52",NA,NA,156,156
"970","bbc17beec3602b1f8612e38ac90344bcb8bb9545",NA,97,43,140
"971","bbc9bace67a4487851377d2319267cc03e8959ea",83,NA,NA,83
"972","bbd2b8abf772b70d3b09f8e1ef274e6a1b6c8c3e",684,269,659,1612
"973","bc3c71dc19d09389180e0fcbdc14205e7da08a90",295,400,591,1286
"974","bcce27d0d5f7df85cb68793f528ca503daddf29c",211,NA,40,251
"975","bcfe3b7e6b498b243aa5c5ddcb81d57e0176d976",2,NA,NA,2
"976","bd2c50c1151f341a8a47a2095a4f7a2feef7904f",NA,26,70,96
"977","bd86d1c4cb2d50b06d092f026a17658c5bbbd3c1",7,NA,NA,7
"978","bd91214dc7e4047aab8bcb670351d59cefef8c45",62,136,NA,198
"979","bd92860ce8fe7bb4ef198793f18a88a2e40b0054",8,NA,NA,8
"980","be32c20ce9e21f5ab9db7c85121408c350d45662",NA,9,NA,9
"981","bee534c0588f9ef9a46074bfca9114ccb4f5f318",NA,96,NA,96
"982","bef2b009030954fb2f45263cc35ead820af6e6da",NA,25,NA,25
"983","bf5e9bb1e0b316040feec5de1382294d11de991c",2,NA,NA,2
"984","bf904b7c7b37961238f376325496c7fb67c275d8",396,656,723,1775
"985","bf9d8e5bb95edd83b3afe849a93622a7de57492a",4,NA,NA,4
"986","bfc852b3c9cea4e2371dec5a991ea966565ed51d",NA,NA,159,159
"987","bffd48dc3f7218901baf8e38f4c6f1a52191460e",408,232,NA,640
"988","bfffb70b83aa305ea467a536c0938798b1bfc298",43,NA,NA,43
"989","c008321df24d751dddfe7f58ba933bb426f4bbaf",241,567,74,882
"990","c00e08f69e44f658e28f00e67502f80be1afebe6",25,NA,NA,25
"991","c02ab582e08aaeca9d075eecd110b3ae914fbe25",378,383,405,1166
"992","c03f64ce935ac1918ee28a90473d178e85f80cc8",2,NA,NA,2
"993","c04bfbc3f42ec36472468471b3a7163f39671a33",657,505,621,1783
"994","c0806e8839994c2e83d9dc1b1a1faeaca0661f1d",5,NA,NA,5
"995","c1021927e0d508182f9fc9975619d675837d76d3",273,NA,NA,273
"996","c133116d2135b7c242cf9db5ad99668e5ffedba6",18,NA,NA,18
"997","c1333b9667f83d714ee700f0294730edb51d5469",NA,59,86,145
"998","c142dc131919492588c31e1e803a04a4613bdcd9",7,NA,NA,7
"999","c15acd7eb2cabec4fc9dfa9bb7f6cda1ebed7a57",246,491,253,990
"1000","c168608178229af4f5593e526f520e3fe86472ae",4,NA,NA,4
"1001","c17f6680b24e0e7306ccc02beb858c91e9efc7b4",544,276,228,1048
"1002","c1a687ca25c227e4ad472453df39aad813b8cd5b",NA,181,140,321
"1003","c1c3e5b6f43ab1b1eccefeb8b6b2d22bc72758e4",NA,NA,34,34
"1004","c1e763388cced9f7919c4a32a1f69270acbdeba7",50,NA,NA,50
"1005","c1efb8c56121f7c7dc9940f9ad3a76da3ba61072",644,445,343,1432
"1006","c1efd3145c820257fae2347ff5675817cfb37bca",677,529,363,1569
"1007","c1f10dfec44e7de9225883f9137cc2e65a90b7d1",7,NA,NA,7
"1008","c23e0af9e155cd83c16c579ed90b6abc2c53f752",NA,5,NA,5
"1009","c258c81dfb4f40330e11a9e9fbe9b9e2b0508723",183,NA,NA,183
"1010","c25a0b00b9df0953ca57bb3e69735b0c01f61901",NA,NA,1,1
"1011","c2763fb4768cc867f4db3d31c3ef970bbc178dad",2,NA,NA,2
"1012","c290aaea51a46d908f0465c93f3f69ff1b56b419",114,NA,NA,114
"1013","c296dc19142d27a8a0d4a738256f7423945d04b6",39,NA,NA,39
"1014","c2cd66a2ac884e61d6afc5fa5cd8e271f1482cd2",243,215,344,802
"1015","c2d5cd6534e07fa60be2c62f486d388ab1b4a510",1,NA,NA,1
"1016","c33798503f884f79588b045ca6b8d93aa26923d8",NA,NA,15,15
"1017","c36612f893a26b390538c1fe96f0f1655ea6afff",NA,NA,75,75
"1018","c3796f5a839deb113d14052599ae9112204bda69",499,426,354,1279
"1019","c3a4ec04fc9ce6e0aad6137bbba6ae7553d5669e",NA,NA,19,19
"1020","c3b12c33078b6ce2f0c8287913cd6871b9ba9c9c",512,96,NA,608
"1021","c3c959721c769aebc8c295ef57242f77d7924eb8",20,NA,NA,20
"1022","c4a3a37c4ce2cb23f36183ae3c605b6362b6b173",2,NA,NA,2
"1023","c4ab8f9643f3531288890b9b0e3e78b8e1a813d2",NA,471,639,1110
"1024","c4db34402ba417ae6cc0cf8eca1c05a59b5940bf",376,375,405,1156
"1025","c50dd81bdfafbc84b4427e5172243ff41b19af99",12,NA,NA,12
"1026","c516e5ea6651f63cdfdd803bc2cce3965c3c822d",77,NA,NA,77
"1027","c54dabda41371474f52e62bb6a476a19d82d77ae",247,NA,NA,247
"1028","c5b613084af8b64c8922bb2df990af914b882a07",1,NA,1,2
"1029","c5bcddac720fe7f1860191a94da10a47f4ef701a",403,388,NA,791
"1030","c5cdb7dc2ab3cb6e2c84e349c9f39a995dc322a8",2,NA,NA,2
"1031","c6020d12585d4a0d7b1babd840c54f37a9159aea",2,NA,NA,2
"1032","c614f744d2863a2206be1f86eb32dfaef7c2363c",NA,470,681,1151
"1033","c6359e2df290a107d3fa06fb2fe59d07120578c4",2,NA,NA,2
"1034","c6d7343a4f988fc735239b344c06f1bd7b7a8b79",344,82,NA,426
"1035","c6fe1559a92b885537ef0ed6824f27f076f5f078",NA,94,29,123
"1036","c710046f7d22c1bb863a4733efacacdefa4d68ff",310,207,NA,517
"1037","c753e71213c6654ba3af7967145b140b199011fd",NA,102,37,139
"1038","c76b8c4ba3d8e612d2a12c27eb3955ac15ea6f39",6,NA,NA,6
"1039","c7c83eaa9fe8da2f81c5fce172059af61448b3e7",414,270,515,1199
"1040","c7d82e48d6506ad99ed9656182326ef9576a14cc",NA,411,401,812
"1041","c7d8f7968457b20270b902a722e6228930883164",NA,205,23,228
"1042","c832d7d563cf347292fe882889ced0eb1b788a80",24,25,NA,49
"1043","c866568b7dc022d4d63f5303570a21014e50c96c",8,NA,NA,8
"1044","c8705dd3e5f5bce88f756219fa637cfb240e566f",3,NA,NA,3
"1045","c88c4564d5b20479e25d266e9cd6342115a7596a",252,NA,NA,252
"1046","c8b2051c37bcdedbd991151187eaacf12f5bf702",30,59,NA,89
"1047","c8d01b8601f139d0616d902f44f24cae25172c32",674,511,151,1336
"1048","c8f1ff43c331519aab03daab36b84b55edbb3e58",103,91,104,298
"1049","c9191caf2334c0592da386bfc6ff7fc06fce4e86",1,NA,NA,1
"1050","c923587da95363dff1098612bddbfc4d25b6204d",NA,28,28,56
"1051","c956a35dc203574f18ce58bc84bffb3e168da889",NA,26,NA,26
"1052","c9ce359e73fc58d171dff50208d0bd7bde1fef89",452,353,53,858
"1053","ca3ce020e1e92a3493a63391a245a2706d79eb71",107,NA,NA,107
"1054","ca4e36c29e0ff45dbdd06a7312f6e625c68630a4",3,NA,NA,3
"1055","ca99fd49b34125b73fcbf416c4c5f63199db91f5",NA,NA,13,13
"1056","cac781e6057a593d09d784ca4526fcbb96a62049",35,501,494,1030
"1057","cb04b7f0d323703dc993378fa7786b34b93862b3",1,NA,NA,1
"1058","cb0945d75bacbce335c5bad0d0e838f5d9836752",380,251,516,1147
"1059","cb1e547b7c66c37dbe3e9495bfd0eec9cae1ad9b",312,593,582,1487
"1060","cb2fef9c6b10531d42f8c1c4505dec1f02bac32d",5,NA,NA,5
"1061","cb37a3bcecc0511ad59fb5fa64037cd20c3d68aa",3,NA,NA,3
"1062","cb619f0f5f6b317a44988779b7e821830bd94389",70,356,311,737
"1063","cba3242b6afd61ecbd0fcfccb80ff7cbec739e04",307,419,117,843
"1064","cc226d28e016753edeaeebeade623877b5cf0596",3,NA,NA,3
"1065","ccbeebb83e2f368d70aca48df9d3cab30efa80cf",613,410,331,1354
"1066","cce2e73813d2a86c6fd05274e7aa564b5a448f37",44,NA,NA,44
"1067","ccf59a5a3714de7f546cc6a2168044419ebc12a2",632,669,651,1952
"1068","cd008120919654d8408cbea3cf6b8908bf57dd02",49,125,227,401
"1069","cd07d797aefc9992087f10f1c6ff48b13bf4450f",NA,131,620,751
"1070","cd3171c51a380856b0f39077b530e4b9525f38bb",302,328,428,1058
"1071","cd8cf54b5294970b1449c81e79e877ac218128f1",NA,16,567,583
"1072","cdbe923458653286958dc31c6749197bd4cf6eac",579,451,411,1441
"1073","ce1fd92debc42d1cb9a81753f75e6ce9263f881f",NA,60,NA,60
"1074","ce5e4142cf38bfe644f7b5ccc309033273cfe961",4,NA,NA,4
"1075","ce70da51219e8e28994123d415620d164b0cd3ed",250,19,NA,269
"1076","ce84270fb6bb736bce0484bce9504e9b9cc5cae6",220,86,45,351
"1077","ce8deef1e0fcf6291e046d6dd52da74fa6678fed",107,162,30,299
"1078","cea64cbb740673b74e9c574d1aa21ec5460ddfc8",1,NA,NA,1
"1079","cecd3c91e652f2ec5b14dc445fc26b24794871e3",4,NA,NA,4
"1080","cedaf8a15be110a48231ef74029a00c8af142a29",NA,6,NA,6
"1081","ceeeda3bde736c0c656b03be05b4583f1daaf664",548,639,690,1877
"1082","cf37ddacfdbd60f20cff15e645d2e04264791399",1,10,NA,11
"1083","cf3b5632732bf79c9b78676d20ebb3b7973445fd",NA,NA,253,253
"1084","cf55b826be3f9ff5b2d5e520ee6614fef8df01f3",53,NA,NA,53
"1085","cf993dd84435caf547c2881dfb53916ce48e3cfd",308,343,488,1139
"1086","cfb77e4ebc7045cf47eaaadcb12ec0ad4a986e35",218,355,627,1200
"1087","cfcaf9b7abfa407d7311f7fcab9b8389bab6171d",11,NA,NA,11
"1088","d034b357967c6c333be89be3c603091d0c60265d",34,NA,NA,34
"1089","d047abeec24953f67926461c56c74dfb408f1a07",2,NA,NA,2
"1090","d07a10305d2dcb8e35c7950b820a899da0ce97c8",NA,NA,277,277
"1091","d07f81a56dd9e7362f7a243e018aaaf316eb7edd",38,NA,NA,38
"1092","d0a05fabe73d4f158af331fe497cf59cc3c760e1",39,NA,NA,39
"1093","d0b484ea75459052dfcce7c819ef970f89d7b25a",4,NA,NA,4
"1094","d0f634c0a8770d9793416c260ba7e457bd977057",NA,185,305,490
"1095","d148a369a2313fcea9af5ce92b86f274e2e37e94",NA,NA,189,189
"1096","d183cd520f6a1b6d5ebfcb95de9e1cf5eff51342",3,NA,NA,3
"1097","d18578b6741fea39f0922df69f56c19f2bd69c1c",574,630,694,1898
"1098","d1a2503903cf5cdb1bc13fda859fab4004520bb8",1,NA,NA,1
"1099","d22cb49d1088bec45e9076cd35b6827ef7ae48d9",1,NA,NA,1
"1100","d38c4d7f18ca8a6aba90b3f81b2863d8ae3c84eb",487,447,491,1425
"1101","d3c3b991ac3ca296f21e17cc2d05f4f876a8b35f",NA,1,NA,1
"1102","d3e3a0082587b69525d0a4abec172725765d21b2",184,13,254,451
"1103","d3f890c0ecc56a477977553caef6cbddac13bd13",1,NA,NA,1
"1104","d4042704e76613cb259ac13d7db3fb4d0eeabfcf",60,92,34,186
"1105","d40be3d413f7ba4d34abacb4140985bc93d4748b",660,692,711,2063
"1106","d468c4db9f6cb97ca4152440eb9c9099eaca9186",185,341,554,1080
"1107","d4b08217c626e548835081bd2fb725f5f1071351",60,116,NA,176
"1108","d4d2843be8884713e49ec5053168de0bd7205b1c",691,700,676,2067
"1109","d5203cd393443ebf750502eebb384b42db6b5fdb",54,NA,NA,54
"1110","d52a5d5334b4af8a3e9161617e175a1b1acc191f",342,NA,NA,342
"1111","d52a743074d439c04c9d3226d352e93e8250c7a0",18,4,16,38
"1112","d5492ab84725723e959fb141ec48fd46b22b2a7c",NA,3,NA,3
"1113","d54cf9971760639469b38340a9e5179e88cc9565",68,260,95,423
"1114","d5a4b3c049b9174581cb64c46d1b4bb0ab9fcadd",43,NA,NA,43
"1115","d5b486d5eadc9f8f60fec344a956bb46affdafc4",320,375,NA,695
"1116","d5c810f2c1bab89d7b7defb0a977ad98a2d7a9b2",188,140,NA,328
"1117","d5eafda840481500300cd1e959ddad92311a2ab4",143,NA,NA,143
"1118","d6138454619f2e705b11c54eeecd1be39f03da54",11,NA,NA,11
"1119","d623461d0e3648e6ea047d30ddb204a529461748",124,428,95,647
"1120","d636652206acb1f885b4b81be07fb45c1a2cd856",1,NA,NA,1
"1121","d641dcf7df9dd49f9842ed4b53b5c439f1af1725",73,27,NA,100
"1122","d6573c048cea8bc8e5e28229dc75b3e8ed4801f7",NA,NA,7,7
"1123","d73d1f703384b5c7209c35101af77b4642bf7454",211,468,471,1150
"1124","d76343ee3f53822094953cf05d53c45e7ffa2a30",2,NA,NA,2
"1125","d7a70def82451882b8187aa6a47b362b804dc46d",NA,57,NA,57
"1126","d7a9feb014d1da598c610e5af8ae5596ac3d4685",NA,10,NA,10
"1127","d7fdd4f03329d2ebae4318077825aa0ee3e95e5c",238,192,NA,430
"1128","d81b103a1486d0343984f7670a770148ffcbabb2",82,NA,NA,82
"1129","d8238e9f91ffcc5a543bd448afee37023652dbf3",4,NA,NA,4
"1130","d874a540fae4dd563dae874e4bb87e6d4e17bc9d",587,403,507,1497
"1131","d89652f10df18fe8844986b18936959527228639",166,28,27,221
"1132","d8dfe1cf13c00ee4805285030d96efa3994b94bf",3,NA,NA,3
"1133","d8ec71356bb5df1cf8fec800e6886aaaf9911510",396,563,525,1484
"1134","d8eec2327f738402960cf28b44c1221b8ddc188b",43,NA,NA,43
"1135","d94deb665ae01b16da724920198bb128769a1cdd",595,535,678,1808
"1136","d96d34ce25e13e95f8be7a2047b076a05a73bb50",149,60,NA,209
"1137","d99f033e9e448415fdf637209773beb68db918d4",5,NA,NA,5
"1138","d9ab39eaa698be235d8023114a8476aaa7f45278",2,NA,NA,2
"1139","d9bd46a8f029c46e0549a939215528ed46b1cfd8",13,NA,NA,13
"1140","d9c9f5241a964c7d7bd723e78ae75f2214b40ffb",373,293,420,1086
"1141","d9fc19bc3e10422075de45e7607d510092c6d028",NA,636,716,1352
"1142","d9fefc8b919e8b74dd1ca8427d8780965d5955c5",NA,NA,70,70
"1143","da5ce67803a8039d079ca666c6885e8ea01a2a75",127,NA,366,493
"1144","da8a78b0aba1c6f1d9092a69851a8c3ff9999bb6",221,96,NA,317
"1145","da8d7a5e7996bf225dde42e7a0e66a92359d102d",555,316,352,1223
"1146","da943b9ced0444cf846a3981e9bb4b468fb7d13e",15,NA,NA,15
"1147","da998035fcfb70672ed3511eaf3e75fbb4aba619",291,39,NA,330
"1148","daa3aaa2e8a74038f063a7271f8f5313a3ffa549",63,NA,NA,63
"1149","db1e1ade2a9bbb88fbfbbf278e96a5f1a9a44473",677,542,560,1779
"1150","db540e374d305a17c5181aeae0ef0e6ba8f7460f",3,NA,NA,3
"1151","db5a959497a3f45b886a20f13e5f0b70faee6927",327,128,NA,455
"1152","dbe56adcdc76a74b0cfc490e4ab7a6a4f51d9afd",2,NA,NA,2
"1153","dbf508e6a2984148d1b7391d29bbfbb421f3180b",NA,53,347,400
"1154","dc3388cd406e42cc389f1efb4b2031922476d704",348,551,553,1452
"1155","dc39c95a34ce2e297a12a7fc18944f561359ec00",327,62,NA,389
"1156","dc4721a955b712ffc546f09eea70c45c125058fd",NA,1,NA,1
"1157","dcbd880cb90b63d48076b51692bc81c55bfec66a",NA,NA,19,19
"1158","dcfc771f6b918ea321fc4743b486f5fbbd113d75",33,NA,NA,33
"1159","dd02e625dd8c2430fb9dd81f8038015b27cee696",86,NA,NA,86
"1160","dd1a7779b1dfec83d4aa0c198b20f71c7b7783bc",NA,206,179,385
"1161","dd560af41b5afd600e2d3bf5586656b0f358c384",NA,NA,431,431
"1162","dd6c9bdedfa4c202e82a5c8f13beec54e8a883c9",2,NA,NA,2
"1163","ddbdd3d3646ed154da0f3553575f5f7d7284e748",2,NA,NA,2
"1164","de04a3db23231866d64b7e4a0c6fe5bfda2447d7",194,399,154,747
"1165","de1ba10b2b68ad45a669d164f18db50135d61297",NA,NA,144,144
"1166","de378265dbfe8393b1d6b413e54e84645be6897d",19,6,NA,25
"1167","de427086b47b72bbe20ac7c59425505a2bb81e79",NA,65,NA,65
"1168","de566af1e7e0bb3ce8af5471e5ac7375419078d5",2,NA,NA,2
"1169","de5a4ae1b41cebebabfba8b0ed4ff7fd55ea6078",529,583,369,1481
"1170","de7b04f23644de6f296fcaa74b3c063fb64b875d",NA,125,NA,125
"1171","de96c991a0800c2769a42247ac405793cac025aa",4,NA,NA,4
"1172","deb7b468a91c97b3c1b2c019c08913d7aed65774",645,707,692,2044
"1173","deba05f1475df7572c009fcd78352607e0261e02",13,NA,NA,13
"1174","dece08720d83d8e45874f3fdf9541e5d5623b3bd",8,NA,NA,8
"1175","dede608221813d42716885d428406c47ba1efe4b",598,541,309,1448
"1176","deee4ae4eeaae0811fbe9e0faeaa9b24f5041c35",NA,69,71,140
"1177","df6327a64ab7cc216234bda7e9fff1998a39f8e2",294,350,NA,644
"1178","dfa9544873dee674e184d1a5cf6ed4d9c80b8e40",86,73,NA,159
"1179","e00e77dbba2cb730b923a4150824f5bd936b71de",2,NA,NA,2
"1180","e041f8c4d7ad45bb21ce34cedbc546d5d8ef2f89",5,NA,NA,5
"1181","e0e1f107a95934a3912271c175a205f63fde88c9",612,267,437,1316
"1182","e14f4fbc53a3d8459e4990275cfe0c8a435a371a",540,577,407,1524
"1183","e17c4e11afb8931010aed3b835fe3a5f87e71dd8",2,NA,NA,2
"1184","e247c898793d9345e988a9d169ba63aadf73af7d",348,118,NA,466
"1185","e25200fdf361a66a4d653ead79b0980782599d9f",NA,NA,33,33
"1186","e2838eb3228d23ff0a3493056be9dbf9d9715695",38,9,NA,47
"1187","e29d82777ff1d4d9517ce77a565d1f20ad9109ed",599,643,601,1843
"1188","e2b86e2b7bf12290092a79a951fc820c8dd57bc6",NA,68,73,141
"1189","e3218f4c7025fc51b38f6c3bdad3712407852229",81,110,65,256
"1190","e3302a158690e9b7d3b03a4323144ecc33d34620",12,NA,NA,12
"1191","e3697dc9d9d96d32f95b1025ca00c8e1e0c00c1e",NA,NA,69,69
"1192","e376c654aa785f6a2b9e0525651cc3f8c0a4cd8b",614,587,264,1465
"1193","e3943e72463136e12a58a619566752b39c7cbec2",176,466,349,991
"1194","e39d4e5af0c75b79891bb526e5aeffc90e762fbf",46,NA,NA,46
"1195","e3c66979697a82539c3aa30f3e7fe4bf5d05d054",1,NA,NA,1
"1196","e405266344fb53df126af9fe09419f8c49b2cb80",530,582,565,1677
"1197","e423014380b814100b4b3c96c21a61a98c149397",NA,155,80,235
"1198","e4252419cae20a16d2962beb0474177843fe85ab",3,NA,NA,3
"1199","e42a90a0e1a26abdda5a1df8b9f5e94a10ab3c85",631,677,449,1757
"1200","e47ad80cbd2dfed8080f5250de51d4e5cc5fd28d",3,NA,NA,3
"1201","e48f9c8c2739837fda3d42ea3e3e58598d40c47b",1,NA,NA,1
"1202","e4ba6c019866c79d03d1e1be7e49acc9453ccf99",104,205,194,503
"1203","e4d5ba68d53a3c6d7fe36e1a527a907c46830d75",5,NA,NA,5
"1204","e4fdc5bb19babe3d6bae82a83d970165afb40486",218,45,76,339
"1205","e526486e637178a026eaf3cdd285d74da19c468c",8,NA,NA,8
"1206","e56518de151919cd9e647af576f08aa9a9463de8",105,33,NA,138
"1207","e674165ed0ae18e9f7bb6d0412958c246fa22047",2,NA,NA,2
"1208","e6c886ab4b45aceb8372e0ff4568b6a369bf0d92",272,128,382,782
"1209","e756d6c279be556e10303dee655b3b6381df161b",NA,NA,87,87
"1210","e773cdab54ea181458893bef72997c202012e46b",44,NA,NA,44
"1211","e79630dcafa946904812082e560f9e27feb949a9",NA,NA,113,113
"1212","e7c893c63f13137d92f857c3f72382034abc5f73",1,NA,NA,1
"1213","e813bbd853ce19e8ac7a242d8c153921851a669a",NA,22,NA,22
"1214","e8e3abc187db59ca65c07ba830a93d1d18d568d7",478,NA,466,944
"1215","e8ed8db53ba8c8b47385bf47be70aa6251b12eea",373,78,NA,451
"1216","e909a78dd1088038e3906796b449039340531ff7",349,132,NA,481
"1217","e90dfca8cb782e99db11c4c24e6cbdffa7ef7fdb",NA,NA,38,38
"1218","e9108de644e22653aea3edb1679b6994719c96fb",29,NA,NA,29
"1219","e93c9bb9aca8818fe4f5ac98a6f31d6ad30e819e",191,513,445,1149
"1220","e96b511e7ba8a902c0c8e518871d0c4baf2ebbb3",230,109,6,345
"1221","e9b4ba21846da7a132afbd6ccb9796266d420a33",NA,42,NA,42
"1222","e9be24005794e6057fc482ec31d0d2bc21e98ed4",NA,420,416,836
"1223","e9ebd4464ca692a909f5b14bfd6a90f142f1561e",5,NA,NA,5
"1224","e9f5a0f42cbf07543407ebdd146657d9e4037171",378,296,404,1078
"1225","e9f6f2d92db84e2874b21d5726f561535b18f2c6",62,NA,NA,62
"1226","ea2edab5266ed9a64a71d9609af16f5b83c59180",10,NA,NA,10
"1227","ea47f96d6c862c586bc8ab2a98e0be75e072bdbf",NA,32,46,78
"1228","ea68a8dfc2af432fa9995659df2e1bc3b3c0415c",160,314,61,535
"1229","ea8349c40de2ee4edf8ddcfd235bdf2de8a8440d",544,500,91,1135
"1230","ea9202974652e55e75b22a3a1cf86742587eb368",325,45,NA,370
"1231","eaa13ab7ddce28c31510e5eb5191bcaa76de7af4",580,452,382,1414
"1232","ead848c2ee50c496b0d7d67f726abc9c5aed3207",44,NA,79,123
"1233","eafda445eb3424a25c0aa64767bb6962623dfa5c",8,80,306,394
"1234","eb2459ce78a533085155bd79769938d2e04d2447",3,NA,NA,3
"1235","eb905b0c211f7c81ee95abbdfecd19943ed497a9",NA,NA,448,448
"1236","eba4034f8b499f74e06bd5febb22a6934a8f7bac",NA,282,1,283
"1237","ebd169ab0b00c6cc9ebaafd94b5ea313effe8a56",NA,8,NA,8
"1238","ebfdfcefeaa4148ec27eca02f529b896fe155f8f",367,408,126,901
"1239","ec6bd50330437539f998dafd669340a2bfc3d626",103,NA,NA,103
"1240","eca3dc252aac948649a6705643262093beb26336",530,71,NA,601
"1241","eca62f9d7653d1e0e03e72d952aef97102bb2f6e",1,NA,NA,1
"1242","ed6a83f314944b83cde1528c83b259596c5ff0d4",37,NA,NA,37
"1243","ed725965760ec8e92fe31753b3e7d1811ae03d2d",NA,NA,4,4
"1244","ed94006242f61911d4f9bded873a4eb9cb21b450",15,NA,NA,15
"1245","edcdf6c249486f992de4eab95e4ec8edd8a3d291",2,NA,NA,2
"1246","ee48019214263261dc029bc1dcc7dec4807d4df0",492,197,NA,689
"1247","ee4f263a4d96c4e86e6866ed2fa9411a5d747b07",211,248,261,720
"1248","ee8af49a60e16f88acefd14e27f85f495f2d6aff",NA,272,4,276
"1249","ee9be787468e98006a7253dbaaf342e2abd3be99",137,54,NA,191
"1250","eea83a3778f65ca799f6e455871d8f8289a7c96c",36,NA,NA,36
"1251","ef774c48c1dbd8cc68f680b3a6b879ae2a1ca065",5,NA,NA,5
"1252","ef9ea00c3c9cfed6a3fa526bc311bdf8e847eaf8",NA,NA,56,56
"1253","efcde1b7cc55383349f8137aef89934ab8fece7b",NA,84,271,355
"1254","efec6fbd26b9cfc55d11e70152a4eb986f75da43",16,35,NA,51
"1255","f006b67e6b2b2c811baf7a5e69c36e002ce02adc",5,NA,NA,5
"1256","f008253dc7e54a36a6ca9d0c9977c7bdd6b08b6f",68,350,94,512
"1257","f00a705a6c387094796da84786cb5c5002e35535",1,NA,NA,1
"1258","f03bfd760493de48cb0720f77ce3d9d7fb6dc209",1,NA,NA,1
"1259","f05288840077bda87473978f3dfe4d8f2a8a04af",15,34,8,57
"1260","f0654b2747ff30c99c160fdaf8025f209fb22160",36,19,NA,55
"1261","f07b41156ca170c7f046cea60fc322c650989a1e",1,NA,NA,1
"1262","f07c5c8b44841cd0b4b570ee962b8fd7ba2e3bc4",436,601,454,1491
"1263","f0fa19ad3f3ec3a61323645c6d70a053f4e62e36",273,NA,26,299
"1264","f1341af31ecc2ca1e57107387245dd09fb9af9bb",281,NA,NA,281
"1265","f1423a5128293dcef8634ed1b0255d5ca6ec49b7",1,NA,NA,1
"1266","f1bb26b57f354018a128ef2d454382c4cd65960d",NA,483,152,635
"1267","f1e457b5b5865dd7bbcbe0a933632dec59c0f61c",4,NA,NA,4
"1268","f1f7a3feb07f52a299616a306a2374428a60b9d4",NA,NA,105,105
"1269","f214087247df7ffc9cda5155b2f3149067016e06",257,NA,NA,257
"1270","f22dd1f5d09b65d0f117279053b20d81ee091c47",331,409,80,820
"1271","f2309dfcf90a974cdeb152b2de025aba3c76df17",63,NA,NA,63
"1272","f2456960a50139c4374f31e3865451c637644728",3,NA,NA,3
"1273","f265598a80388ff7f658199e86049bd362b8feb7",NA,380,181,561
"1274","f2ec743cb62f5b9bcaa72bd6a5b7b0072cca96a5",NA,NA,253,253
"1275","f32823328db49137389a1d19d0fcfdf8ff3186d0",1,NA,NA,1
"1276","f37bc44d1983a18431f0e7fd58c013d0b7a638c5",150,92,50,292
"1277","f38e4748144bb5c7450174f0fc94c83f912a5372",411,660,521,1592
"1278","f3c630ebe41ac25d09598aa8d2038cccc4868f93",540,493,592,1625
"1279","f3d37c982ea714cf89bab21a61e1dfde7bbc0305",NA,300,258,558
"1280","f3f472dc8455021a6f1787c80f821255748eed7b",62,87,NA,149
"1281","f45a343c921f20987a7a87953beea851509405aa",37,NA,NA,37
"1282","f48a36ec4c2b4c0098f4178e018111f8f82d70c5",3,NA,NA,3
"1283","f48c078f81d0ec2d13652239064709870621c5bc",NA,326,330,656
"1284","f48dd56e652f36100c831b14c7761c94e2a097b0",227,176,96,499
"1285","f4d4a36c6b6648bef8169a0283096680fc1a5de7",NA,14,423,437
"1286","f4fa3601ae6114338493300f8e04ac514474d364",NA,NA,34,34
"1287","f519c59c8531db09e24f5106365de01febc08b44",NA,372,534,906
"1288","f520169b688bef43a04467c83c70597e247e2da3",617,488,256,1361
"1289","f5335def845131c014433ac734abe2b2aa562225",6,NA,NA,6
"1290","f56d7b028b79e76037ca74a83641cacb1fac02ba",59,NA,NA,59
"1291","f5a81b8b5f85ece95ef32c17c812ac878b2d0d8b",675,604,409,1688
"1292","f5c048ecfa7dfb98295a754b52f2b04e7ccde309",1,NA,NA,1
"1293","f5f6147f910c7aaca960efa50fe2442aaf7e9e4b",221,338,NA,559
"1294","f639d39ce0987e43f6c9b93bced9a3c918b9bdf9",17,112,257,386
"1295","f65d6d417a0f0e29d63de0e0b55479aa193419f7",427,384,277,1088
"1296","f68fb64d4c51f2e39a22681695c129b6bb3c2d62",339,443,272,1054
"1297","f695cd7b75d02a7f147aca5cd794c63b33107ca7",NA,42,389,431
"1298","f698e1984e7f10700da0b2b9bd281eca1398ff4d",NA,201,27,228
"1299","f6a3afb2765de0f3e86c5886113824df8b3479f2",7,NA,NA,7
"1300","f6a7de4f155d53a6d4bdcb1c22b94f37b8edf5c1",1,NA,NA,1
"1301","f6e83e96f0a2019c0a8a8df02534e83d8cbe2c28",184,375,609,1168
"1302","f72371c7a1b298e08a1e358b36e484298544e4c5",58,NA,NA,58
"1303","f737eb1bd521e5b65dc449d6425e2dd8e8e44179",40,22,NA,62
"1304","f77b45559b0dc927b3d51723e18aa54b7ebba04c",3,NA,NA,3
"1305","f79cf1f3d100e5f34d86ce2cd4c8c35ca3daee77",NA,303,614,917
"1306","f8531db48ef485c8976f712a83ed5a2a426d2b96",NA,275,65,340
"1307","f87b2fecda13f6b91d12944c321c1806e31aee73",NA,NA,209,209
"1308","f897964ed612278cfbef65aaa4a713f5e747d7ed",84,278,314,676
"1309","f8adce2d7df9a4417b85cf9a745b837a17aca532",NA,NA,92,92
"1310","f8c628afc5a0bcc09c78de315be28c8fb0d2b586",260,460,470,1190
"1311","f8f1873903bbc7192c61739437c768d39b5bbf50",45,NA,NA,45
"1312","f91d55f27ef319a0939c62926cc821d10fbc0845",7,NA,NA,7
"1313","f9256c4f770ab7f6f795e7f47c0dee1c7c51ec35",147,4,NA,151
"1314","f99941884e23067b116509a3ac9437e921077f9b",11,NA,NA,11
"1315","fa024bd05ae46a00b122ece10199c6cb2b0efbfe",96,433,561,1090
"1316","fa139d0e0d97d8276733a78b6f934b26178864fe",364,57,NA,421
"1317","fa3e8eaf33094acd8695929a324a43956446ff27",511,468,NA,979
"1318","fa4bc51e9a347bd94a1cfaeb6343c6def4e7d5a7",310,388,57,755
"1319","fa9c5a61fd58a93ae43a0c336c0968619321caf3",438,647,654,1739
"1320","fa9c99ce9acb5fd5971e8fb834d745a33b714f76",540,522,615,1677
"1321","fad331a3643e0f975f041aa16e18b72a99417688",325,42,159,526
"1322","faebeb39afd5dd26f5afd5cef11d5780b8a8d04e",NA,NA,426,426
"1323","fbf1703227cf7b214d016ed861f889fdb6f5a4a6",182,298,206,686
"1324","fc3735a824c9e87b4ecefaf8decc3a3ac3cfb662",NA,59,NA,59
"1325","fc93f83452c14d80e82c2c8a7f39f912a05308fb",4,NA,NA,4
"1326","fca4cb36603972ee68fe289df3c5cde8bd2752f2",1,NA,NA,1
"1327","fd67ccf8b23135c11534c5c4774bdc47f6f90b53",1,NA,NA,1
"1328","fddbf98f72e3a7fed3608a6508e0535ae466c430",1,NA,NA,1
"1329","fe0ed8c9737fc8fecc09ca479657e87bd5378906",NA,73,380,453
"1330","fe13b1b0ff9b8a5fbba957c84c808e78024873c2",51,NA,NA,51
"1331","fe549244512331e1229c839e863d83a3638b1bbd",NA,24,6,30
"1332","fe6eac0778f476c3f1ffe6a1fd637f077573e077",633,430,531,1594
"1333","fe80da2e964fa0782b5d30725105f59444a90261",NA,16,200,216
"1334","feeb50b3a76f4dcd1976d648e5e0de580e0d17cc",61,NA,NA,61
"1335","ff169643a2e213bcc4bb59a885e869e144b3a964",41,NA,NA,41
"1336","ff3b7d21e60c24b6e926e3ffc3fbeb78cc9e4057",2,NA,NA,2
"1337","ff6a1ab20dddd786a6d449658d8efdfe075cc3f2",NA,81,NA,81
"1338","ffbad18fedea89e09f42dac340e9ebb0bc18303d",2,NA,NA,2
"1339","ffd2fbf22dc9ac7811c1bd9ecf5d5c0392744a18",3,NA,NA,3
