"","batter","season","Total_PAs"
"1","00fb2414b8f5bcdec5e0398176d9c76747645772","2022",75
"2","00fb2414b8f5bcdec5e0398176d9c76747645772","2023",75
"3","01062805175a65bbfb5e2024853137219296e26c","2021",85
"4","01062805175a65bbfb5e2024853137219296e26c","2022",80
"5","01062805175a65bbfb5e2024853137219296e26c","2023",59
"6","0110ddbbd4e67bbd0a355dd5561021b075920eb3","2021",3
"7","020e1c97d88916739bc1c2276a6ef8e91447443f","2021",69
"8","020e1c97d88916739bc1c2276a6ef8e91447443f","2022",70
"9","020e1c97d88916739bc1c2276a6ef8e91447443f","2023",66
"10","02704f6c055abbf858edfd3d220970ef99cb2212","2021",1
"11","02b79004f4e2b75b03f7b57c8a11c40c5f004680","2021",1
"12","02db096acbd50af9cdc36f25a64b16f7e62d8589","2021",1
"13","037158ce34a79cee4dd9ddafd4c7b8ca90327429","2021",80
"14","037158ce34a79cee4dd9ddafd4c7b8ca90327429","2022",86
"15","037158ce34a79cee4dd9ddafd4c7b8ca90327429","2023",88
"16","04994290f0133acc8b036b3d3bc14ceda5b0d012","2021",15
"17","04cc7babf2db7c7531580c6f4d2e313c5c9bf560","2021",1
"18","0511a4e51e2e6e7f78a0acfb2ec603a9ab4acbe0","2021",4
"19","05489443ace8032d1a897c125c504d52362c507f","2021",44
"20","061eb45e0292790d19a0638e0bd4edb4dad2d319","2021",85
"21","061eb45e0292790d19a0638e0bd4edb4dad2d319","2022",80
"22","061eb45e0292790d19a0638e0bd4edb4dad2d319","2023",84
"23","06662d5b2e1290f7ee60a65ca4d0f90c3ddd9581","2021",83
"24","06662d5b2e1290f7ee60a65ca4d0f90c3ddd9581","2022",73
"25","06662d5b2e1290f7ee60a65ca4d0f90c3ddd9581","2023",64
"26","0787a0194110f04cfac70c22b35b79e710e93e0d","2021",7
"27","07f0a4be81a4415806197d0a1b0339917fa0ae01","2021",74
"28","07f0a4be81a4415806197d0a1b0339917fa0ae01","2022",73
"29","07f0a4be81a4415806197d0a1b0339917fa0ae01","2023",62
"30","083d603cf3249f2f57c04b16db50218beba3c152","2021",72
"31","083d603cf3249f2f57c04b16db50218beba3c152","2022",54
"32","083d603cf3249f2f57c04b16db50218beba3c152","2023",11
"33","0867cdc89466ca1651ec177e322cb5b045126a49","2021",2
"34","08a7ee474cc1fbfeb48e48b23b82fb9efd3c0f02","2021",9
"35","0970a31949e9d9c0db5d90ee6eaee120529ad264","2021",2
"36","0b45bde37e380498cfc1bc4a6153567ec74d63b0","2021",28
"37","0b6c7a9ff58dc18e0e462ff7ac31aab5947124e5","2021",39
"38","0b6c7a9ff58dc18e0e462ff7ac31aab5947124e5","2023",2
"39","0b7ac2052237fe7518844407df4c965305fae3a9","2021",3
"40","0b7ac2052237fe7518844407df4c965305fae3a9","2022",1
"41","0b7e91b73e8e3ce2c1aa8d74416e37aa24d45b60","2021",1
"42","0ba1c8581d0fa99abbd75bd6b6cc8cfca3bdd5ec","2021",1
"43","0c049bc522425eab3482cc503f0c1f416be05b4f","2021",1
"44","0ca329fc49d750ff089b64c0dcb78465bba6ca5e","2021",74
"45","0ca329fc49d750ff089b64c0dcb78465bba6ca5e","2022",68
"46","0ca329fc49d750ff089b64c0dcb78465bba6ca5e","2023",70
"47","0d06d461615dc698f57ccb8a1f6b958b675c5c5f","2021",2
"48","0d1f9704bf611041f42aa3454af0cc19cd8d1360","2021",47
"49","0e83bafabb77ec13c356db364be8cea1d55afcfe","2021",1
"50","0e86bc7879803f7bcc6f16386e6f64c578a22199","2021",73
"51","0e86bc7879803f7bcc6f16386e6f64c578a22199","2022",70
"52","0e86bc7879803f7bcc6f16386e6f64c578a22199","2023",50
"53","0f061b9439845159c394a71e55d635b10ca25656","2021",3
"54","102be786b501ac586b0919515e7707ff61c84bf4","2021",10
"55","10fedf67aa649b50c9974dd8fdfef7a128e5adc3","2021",2
"56","11416d11059c8d9746e5810a0b83471293d2bfef","2021",23
"57","1197ad8826628a3b6a30dce1a669fec173342b7b","2021",39
"58","1197ad8826628a3b6a30dce1a669fec173342b7b","2022",48
"59","11d5f4e38d7491e880c99a6717db9f0fb3d03495","2022",48
"60","12500b0485dd2c99ec2973700512ec1b1751e2fe","2021",1
"61","13a359b8104dd860f6ef78ad52a2bf0a1fedf75c","2023",61
"62","13db75ec2a2ab2c1204e891c1dd8a91095dec4ac","2021",1
"63","13efcb430aedb603f38fb8e0b8f0788369d88a0e","2021",1
"64","13f1ea44ff2b7094942812a905745c719e209b0b","2021",81
"65","13f1ea44ff2b7094942812a905745c719e209b0b","2022",73
"66","13f1ea44ff2b7094942812a905745c719e209b0b","2023",65
"67","14141a52599650ea070ed88943350830e7848cdf","2021",1
"68","148f176b02dce29b83edb4320503dc4d23955f9c","2021",29
"69","14af6a8eb666d7c9681caa8ed62c48b91baf7418","2021",75
"70","14d989d8d61ab52344d12d6c7c25673cb91b8e75","2021",6
"71","151e3a419b9084ed3fb6d18a9d95bea2897dd4d6","2021",5
"72","151f1a0a4d4509711c02ef31320fa25afb343d0f","2021",79
"73","151f1a0a4d4509711c02ef31320fa25afb343d0f","2022",70
"74","155168f6c29c329f20d476d9f6181bf8ee1e335b","2021",1
"75","1555357c4809b66ac35fa0096f378680a822b65e","2021",72
"76","1555357c4809b66ac35fa0096f378680a822b65e","2022",67
"77","1555357c4809b66ac35fa0096f378680a822b65e","2023",63
"78","1563b7e821ce94e55b751e2656d96bb2de8d6795","2021",1
"79","15cf631818905e2aba93aabd57046f07a210f484","2021",2
"80","165fd9b7358e92833b4563e3588f3aa3076f823c","2021",1
"81","179b65b12c84f3cbd352681ede3f3bb890b3645b","2021",4
"82","17ae4c3c46b4a4cccd1e887924a21796cacbdf79","2021",4
"83","17cbce1de7a9d4e31952e86ba69ced3fa5f1c28c","2021",75
"84","17cbce1de7a9d4e31952e86ba69ced3fa5f1c28c","2022",71
"85","17cbce1de7a9d4e31952e86ba69ced3fa5f1c28c","2023",50
"86","18396fcf5f98aac97ec6127f7924868d3ef7bd9e","2021",86
"87","18396fcf5f98aac97ec6127f7924868d3ef7bd9e","2022",79
"88","18396fcf5f98aac97ec6127f7924868d3ef7bd9e","2023",82
"89","1846d3ee1ac661616b677348a8a7a7aa7639b5e8","2021",83
"90","1846d3ee1ac661616b677348a8a7a7aa7639b5e8","2022",80
"91","1846d3ee1ac661616b677348a8a7a7aa7639b5e8","2023",86
"92","19002d0d7703ce99a390e39c57d62401ef57cec6","2021",77
"93","19002d0d7703ce99a390e39c57d62401ef57cec6","2022",52
"94","196115bd13924ea956ac982f6673bbc0ec717546","2021",1
"95","19a16a0f9bad918752029086cbc39e8d625d9514","2021",3
"96","19c4182f72e996e7f55493ca7cca258f713f50b9","2021",2
"97","1a284227f3ec20e43d3f2cb0d535b4260b8d666e","2021",11
"98","1aa97033b20b51d4e32c2c8fcdbad5007a17f112","2022",50
"99","1aa97033b20b51d4e32c2c8fcdbad5007a17f112","2023",53
"100","1aec22a2dc737a6a12dce27f5d88561807a87e37","2021",75
"101","1aec22a2dc737a6a12dce27f5d88561807a87e37","2022",39
"102","1b6e325206b56276bc690f3f7397aa8e4cfa7507","2022",1
"103","1b8c25d4748b83dced144e1953464d23defeb0fc","2021",2
"104","1cc43f2912ca249fb9a1cdc475ca052ff9e0868c","2021",1
"105","1ccfa4a1ec1b4a6fca216a1e270f6183505fe38c","2021",19
"106","1ccfa4a1ec1b4a6fca216a1e270f6183505fe38c","2022",69
"107","1ccfa4a1ec1b4a6fca216a1e270f6183505fe38c","2023",2
"108","1ce31d2c34c99066c4e1f9f1b1628adc562487fe","2021",58
"109","1ce31d2c34c99066c4e1f9f1b1628adc562487fe","2022",72
"110","1ce31d2c34c99066c4e1f9f1b1628adc562487fe","2023",36
"111","1ceead9f26f4ecdc74ef8e8e5adce55797d2d824","2021",42
"112","1ceead9f26f4ecdc74ef8e8e5adce55797d2d824","2022",62
"113","1ceead9f26f4ecdc74ef8e8e5adce55797d2d824","2023",73
"114","1d392fe0b1ce6c5acf9617caffaf58cbd4848115","2021",11
"115","1d740c776101050cefeca93cd8dda4e6b9e7cbc2","2021",1
"116","1d7beaf707e455f76ede0b81f60d4ec6a8776030","2021",6
"117","1df963b3d540d35badcbf3958f021f4c840da4c5","2021",24
"118","1eb669cced8461ecdf53da0ff3eb4bcb04ae1a3f","2021",81
"119","1eb669cced8461ecdf53da0ff3eb4bcb04ae1a3f","2022",66
"120","1eb669cced8461ecdf53da0ff3eb4bcb04ae1a3f","2023",69
"121","1fa87945c3ee6516a00ae1d7003df4789de36661","2021",28
"122","1fb28f21cef40755e2a212961ff20f84a625c889","2021",11
"123","2015ffd22e8e0512d9b33c8d7a8bfb7b0e510432","2021",1
"124","20880521c2c15f79ab9728bd4e144add7bbedfd4","2021",34
"125","21748318a6fcdeed91ff8816b7a20df71a2d30e9","2021",62
"126","227278769ed44d180d373e42bce38bc84d374030","2021",2
"127","22e048efcadabdbb2f9150cd00d9bb7d08c4eab9","2021",21
"128","231d573a7f3607f76f16eb294509c7cd9dfb52c3","2021",3
"129","2460f7c6d698b7e9b6a16cb19e108f44f2cd427b","2021",62
"130","2460f7c6d698b7e9b6a16cb19e108f44f2cd427b","2022",34
"131","248107deaa8a879b2d8c74da6442181c3612f51f","2021",10
"132","24c75fe780af78a4acf2ab07e13e571b30101251","2021",2
"133","24fa12505cdc29d6c15f5e6c08e00f1c42e4373f","2021",81
"134","24fa12505cdc29d6c15f5e6c08e00f1c42e4373f","2022",83
"135","24fa12505cdc29d6c15f5e6c08e00f1c42e4373f","2023",78
"136","2520b6339c384f8f3fd26d7e9d19a7fda038b704","2021",11
"137","256bfaff4fc58bd3af86140021a439f2b8f030a5","2021",1
"138","25a0a4ca22cbf1a928e8d251085e8c85b9a76da8","2021",2
"139","260a8ceb479a09517387126e80d28417812dd933","2021",81
"140","260a8ceb479a09517387126e80d28417812dd933","2022",81
"141","2622dac5f67183f0c4a5b57e73549123f201cd74","2021",81
"142","2622dac5f67183f0c4a5b57e73549123f201cd74","2022",12
"143","2622dac5f67183f0c4a5b57e73549123f201cd74","2023",70
"144","263f19273c6c4c12eceadb8824228fe1eac5e8a4","2021",5
"145","26ac979bacd0020877044a7be8138b0422be43e8","2021",1
"146","26b016cf8e8536053cd109aa8e1502db6d46478f","2021",58
"147","26b016cf8e8536053cd109aa8e1502db6d46478f","2022",61
"148","26b016cf8e8536053cd109aa8e1502db6d46478f","2023",60
"149","26ccf96ef1de6d8676bf3267651ecfeae0fb9493","2021",82
"150","26ccf96ef1de6d8676bf3267651ecfeae0fb9493","2022",80
"151","26ccf96ef1de6d8676bf3267651ecfeae0fb9493","2023",77
"152","272afbb58d7d307e062b997f042c6ab23077d1a0","2021",14
"153","2738afd92aab9a593a247e910986394c906d4fe0","2021",23
"154","27653562f25fddfedbb6862c6f7f775e3aee8729","2021",25
"155","27b2eba8ae0d45397910727bd67244fd77221377","2021",1
"156","27c6fba076399f5a9ed7d239040f8a5278e0b538","2021",2
"157","27c8e4ac9a23ab952471008a05419b6998edeb3e","2021",82
"158","27c8e4ac9a23ab952471008a05419b6998edeb3e","2022",33
"159","27c8e4ac9a23ab952471008a05419b6998edeb3e","2023",47
"160","289266c55934030cf386fdf06b232e864c6eeb2d","2021",1
"161","29a888709565675646dc9e12dd4475920881f41c","2021",6
"162","29be0196e90ec2730c66e14d9db7f44d9dc832a7","2021",3
"163","2acf5e9ceb8ce9a5cadb881644fbbad57a194b3f","2021",28
"164","2af8cae185649642c98a64031cd30d75d8ea8031","2021",5
"165","2c06050c5104e14ea16b448cdb68c98c6fdb6022","2021",2
"166","2cf7394ffcf79450ee4e4a683bd34563bcd3c3e6","2021",2
"167","2d7a24e3c952e59b1e215ea9963fa645df14ba41","2021",72
"168","2d7a24e3c952e59b1e215ea9963fa645df14ba41","2022",75
"169","2d7a24e3c952e59b1e215ea9963fa645df14ba41","2023",69
"170","2e466f26bec347f364a85f73269afde6258b02ba","2021",71
"171","2e466f26bec347f364a85f73269afde6258b02ba","2022",72
"172","2e466f26bec347f364a85f73269afde6258b02ba","2023",56
"173","2e5e1e91b44362429d7a86cfc8427a67aeeb39ea","2021",85
"174","2e68dc279251e6c847a8c8d7e1a3076cbd1cc93a","2021",5
"175","2f92e102307d680e24f2a5fb63dff8b7ecde998b","2021",78
"176","2f92e102307d680e24f2a5fb63dff8b7ecde998b","2022",54
"177","2fe024683064013fcfea642e36419686f8840c5c","2021",1
"178","2ff6803041b873af408f7d1a8eb3e4b361d15e13","2021",20
"179","32603421aea266b74d441ebfe6f97a7cf4c4670a","2021",4
"180","33438ca2fdf93ff73b2e1bcc5da3058a04cf1661","2021",3
"181","3357488d4771f0c815e0d61df19e152f9e389a03","2021",24
"182","33b6034adb1b887ec34812aff00773075121de26","2021",84
"183","33b6034adb1b887ec34812aff00773075121de26","2022",72
"184","33b6034adb1b887ec34812aff00773075121de26","2023",42
"185","34190fba310a52459744c4574d93853243ee9eca","2021",7
"186","34294c5b512043e6f7ad920382ed06035f0982b8","2021",2
"187","34415ee2ef93a38bffd2295405d657ece1b20853","2021",30
"188","34505025fb4406cbedcee444836fa9324d7ee574","2021",26
"189","34db29c6c5dba776c3229d6fd6421da5634440a6","2021",1
"190","34eb3b4b6ae25355fbcf8cc216ae7bd42cdf268b","2021",84
"191","34eb3b4b6ae25355fbcf8cc216ae7bd42cdf268b","2022",73
"192","35356970180d7c585b23f342d80e3231418a86ce","2021",87
"193","35356970180d7c585b23f342d80e3231418a86ce","2022",82
"194","35356970180d7c585b23f342d80e3231418a86ce","2023",80
"195","35770324d53532364530105a6c2bba19a04258c2","2021",23
"196","35a9a6f4775002cac4941a15b11af3640b2a3291","2021",17
"197","35ac892926cc593e5859e2dc743c776562ca312f","2021",2
"198","35dba25a879c2664e6573a99adc5c180b11e574c","2021",4
"199","35ee61646c04b642d8fb2cb054de9abe544e9341","2021",3
"200","36672e213820a74ed38341444004479e5a0d5443","2021",72
"201","36672e213820a74ed38341444004479e5a0d5443","2022",51
"202","369cbabc57e48432e228701fce080636f3e25cf4","2021",14
"203","38891f76ea6a9c14cd3bf34a61849fc0c59fa9e0","2021",29
"204","3962c93e969c6790ae7cfbd5854210610d71d2b1","2021",5
"205","39e4ec390ba39c0df8140bece8ee601f966b1453","2021",34
"206","3a0069aa7adaee13eac04b432235b9a1364cbf42","2021",1
"207","3ae724ecfe223e7e9201014053f8fe62a3e9fc1c","2021",23
"208","3b823f36afdf217a11e5d67235ec17908fdffdf3","2021",1
"209","3b8a3d1f027410d3ff7ec543ed891d29e66af4ab","2021",50
"210","3b8a3d1f027410d3ff7ec543ed891d29e66af4ab","2022",71
"211","3b8a3d1f027410d3ff7ec543ed891d29e66af4ab","2023",74
"212","3bc4b2a7b8a46b66bd1856c7419ed0f7016499c5","2021",1
"213","3c7660be5e64c9406cfbc783d943d39ebfd06b1b","2021",12
"214","3c8235024a0e3e3f1dcfef16080eaaf2cffc887b","2021",17
"215","3d23508828119cb2cf632c8294e2a42318c11bf0","2021",1
"216","3f0b3f339a269c65d99cd85546ebc14791ad3d3e","2021",2
"217","3ffca17a704b2bdd7b912cacb3c528f5a627fbad","2021",4
"218","41926588df39fdf6f7b176316ee2afc9db363844","2021",2
"219","41afbb8823e64401a71aaf7b194f53a9a9b0dee8","2021",22
"220","42a91743f84132f1bc7884c2a507c1eb66239a1e","2021",22
"221","436e222f0e3205837a6a232f9810fae9d2bc1d0a","2021",68
"222","436e222f0e3205837a6a232f9810fae9d2bc1d0a","2022",77
"223","436e222f0e3205837a6a232f9810fae9d2bc1d0a","2023",70
"224","44c1dffcd76a15940792eabc7c209007b1fec2a5","2021",71
"225","44c1dffcd76a15940792eabc7c209007b1fec2a5","2022",57
"226","44c1dffcd76a15940792eabc7c209007b1fec2a5","2023",38
"227","45ccfa7681d6a66455bb6c21c105aed0d32423d5","2021",2
"228","473cc5ed31814e6679b13ccdcb951d9c70263796","2021",68
"229","473cc5ed31814e6679b13ccdcb951d9c70263796","2022",65
"230","473cc5ed31814e6679b13ccdcb951d9c70263796","2023",49
"231","479eaae354ab83ded17b747a85effd4a14b7886f","2021",41
"232","479eaae354ab83ded17b747a85effd4a14b7886f","2022",39
"233","479eaae354ab83ded17b747a85effd4a14b7886f","2023",25
"234","4803634608bc30a04f9af8996949a77d882c4b9f","2021",80
"235","4803634608bc30a04f9af8996949a77d882c4b9f","2022",75
"236","4803634608bc30a04f9af8996949a77d882c4b9f","2023",62
"237","48d72c4d9f603b080bd0cc77ee6a1eadbf3a6b93","2021",26
"238","49c4176049e183373877ff84dd945190cc4fabae","2021",80
"239","49c4176049e183373877ff84dd945190cc4fabae","2022",81
"240","49c4176049e183373877ff84dd945190cc4fabae","2023",43
"241","4a8da77e3ea10b8b42f0859ac49610a3cfd6bb01","2021",4
"242","4b82ba84000fd3581d67a3e37c411a97f53afc32","2021",84
"243","4b82ba84000fd3581d67a3e37c411a97f53afc32","2022",80
"244","4b82ba84000fd3581d67a3e37c411a97f53afc32","2023",53
"245","4be0e45ba7969bcad788c1410dec531270067842","2021",2
"246","4c8f2e594168a4b4e9bd2252174bde84372b5d37","2021",17
"247","4c98e2330e02e8b5e9ea655bfe4ef755c341ea6a","2021",4
"248","4c9a5e1a93a1fd6e10f21b62dfc397c4e182f56f","2021",17
"249","4d1298183510acbfd0087ccacf726abe77fc6e4b","2021",2
"250","4db40d43d3837e7374794f2b575170a649ccd79d","2021",64
"251","4db40d43d3837e7374794f2b575170a649ccd79d","2022",58
"252","4db40d43d3837e7374794f2b575170a649ccd79d","2023",47
"253","4eb6ebf0e979c94c2df949dc569cdfbd52072d64","2021",1
"254","4f95abf1ad643b571799d32932a041fe812ae667","2021",13
"255","504abe1db26bb46fb46ea7cff9ed18221feb6798","2021",5
"256","50552a2c0fd8e4a7da73ffbe4e3b4d753897f8ed","2021",2
"257","50c753a7d9d97cb204dfa0377065ef4afd9cb0d0","2021",3
"258","5135b2f2892117f7e635e3e2477886d4fff10fbf","2021",7
"259","5135f5f58de005ee87fe5d4d6cd07d12b6814d45","2021",5
"260","5162061566d3b114a726d1f46d0c13b488365ccf","2021",1
"261","518bf6df27af8bd8564af654262b56d28a34bfd4","2021",4
"262","51c20f83c4cdccfa882791ed2bc309179e515a1f","2021",1
"263","51ed749ff2ec6535d1a2f5e1cf8f0755c7947076","2021",22
"264","52016eb54425ff26f543b4a0b0c184cc9fe4a4d8","2021",1
"265","52f44b951a277b9f5c246596dd070e39313d60a2","2021",39
"266","52f44b951a277b9f5c246596dd070e39313d60a2","2022",80
"267","53030702dafbc98380b87618a6786a1c0278912c","2021",57
"268","53030702dafbc98380b87618a6786a1c0278912c","2022",82
"269","53030702dafbc98380b87618a6786a1c0278912c","2023",87
"270","534e777fdb87941c7bd9423f61368cabf9b79809","2021",1
"271","5355c083d8ca64985bd4970d9f2c471bc6a78b5a","2021",1
"272","539ba9ce9c572ce6d0a4352db7211b5286e3be05","2021",1
"273","53a6f179986e50fc6b1a20a75a94ba892239de43","2021",84
"274","53a6f179986e50fc6b1a20a75a94ba892239de43","2022",78
"275","53a6f179986e50fc6b1a20a75a94ba892239de43","2023",82
"276","53dfe414229803162d14787d30fbf47a1b5e46ea","2021",78
"277","53dfe414229803162d14787d30fbf47a1b5e46ea","2022",83
"278","53dfe414229803162d14787d30fbf47a1b5e46ea","2023",74
"279","5425d5ec46ae422add2e04102b6d7c76fa67717e","2021",4
"280","5480ec69eee0fcc62fe90dd57f8945867b4d1a8a","2021",1
"281","5483790bb7d8746f387f04c3e034d564e336fa3d","2021",1
"282","55073aa97b5d55d9dfb64d21bd81547c08c29a87","2021",1
"283","558693b14d63414c1b4c3263f131b0be7dee9682","2021",1
"284","55f5996485e6a1faa6663ac69374953aaba0e5eb","2021",3
"285","5681b7657ff7c609cb34127a516ba274b1616a81","2021",3
"286","56abc4cae41e0b8b3f8d17741ccf46d912c22d7f","2021",19
"287","56c38efc936ad92da986834cbca52c69e4cd182c","2021",5
"288","56c38efc936ad92da986834cbca52c69e4cd182c","2022",2
"289","5723b8ea1f97a07a6afb874195c38c70005e989b","2021",81
"290","5723b8ea1f97a07a6afb874195c38c70005e989b","2022",87
"291","5723b8ea1f97a07a6afb874195c38c70005e989b","2023",86
"292","576d0a1a0612c27c99ac48d045a7b142c612def8","2021",29
"293","576d0a1a0612c27c99ac48d045a7b142c612def8","2022",70
"294","576d0a1a0612c27c99ac48d045a7b142c612def8","2023",64
"295","57ed72fa5129e91aaf45fc261c297eb2ee3c6168","2021",11
"296","588de3f94a300203525ecdc49bb28e389354e0c8","2021",1
"297","589875034823cff8a9e789a932fe22f6d31b2cfd","2021",2
"298","59b91ee13d1e1007b7f9666ef02fcd984ac441a1","2021",5
"299","59c046bfc554e6d65c332c71f58456a8ca1a2b48","2021",1
"300","5ac04b94d1ab468896ca39b60812ca69ab19cc94","2022",59
"301","5ac04b94d1ab468896ca39b60812ca69ab19cc94","2023",40
"302","5b3c1b2b32ed07df86397c80422c56c65d064ec9","2021",16
"303","5b740a56489fb4d760c0586db33f0db04c04631b","2021",4
"304","5b8d28b879a5161fbdabba7f378051cba5d83750","2021",3
"305","5bf0b3dc96dfddcdc76c0ac6ed4f29ab7407c3dc","2021",1
"306","5c01b2966a87154f53b9718c8aa32e8c8ec8c436","2021",1
"307","5c4ef2474ba71fc0a82adc9af54f3e965420258a","2021",18
"308","5c510f4d67fc4cb4eceed1dff895cdcda5e74d4e","2021",77
"309","5c510f4d67fc4cb4eceed1dff895cdcda5e74d4e","2022",80
"310","5c510f4d67fc4cb4eceed1dff895cdcda5e74d4e","2023",67
"311","5c52d4f9e23ee8dcfa0954d52da4e198f16085b3","2021",5
"312","5cc6c32171332ff0d9e394ee52679548afd7c65a","2022",14
"313","5cc6c32171332ff0d9e394ee52679548afd7c65a","2023",68
"314","5cfc5b2e57541cef91d8a828f09574e9824a2f30","2021",15
"315","5d1b39281ac7885c9f005b80d3844c50294b6995","2021",41
"316","5d1b39281ac7885c9f005b80d3844c50294b6995","2022",26
"317","5d1b39281ac7885c9f005b80d3844c50294b6995","2023",42
"318","5d22762080116fc78103a57f820a26fb287cdb07","2021",14
"319","5e2471543554c6e6c724baab37d616f6d11d57e9","2021",69
"320","5e2471543554c6e6c724baab37d616f6d11d57e9","2022",72
"321","5e2471543554c6e6c724baab37d616f6d11d57e9","2023",82
"322","5f329bc97175a1809cff23399745e3a526a8f049","2021",5
"323","5f55cd7118d3da57163ced0872286209bd40fcd2","2021",4
"324","5f6d629aa4a729e4869fa88140a9abf4b616b444","2021",2
"325","5ff4ced80a4fae6654ff7b423fd5ba48fa094023","2021",1
"326","60d2bfeff46813f4c3274c522d417b776aef453d","2022",52
"327","60d2bfeff46813f4c3274c522d417b776aef453d","2023",61
"328","61f0abb6b23aa376a435e7c24ea262b8ef4fbe53","2021",4
"329","63010ddee8efefb0c8495979427b6b7b4f66b148","2021",4
"330","63227b0144020db4a3270d811696c76c51f4ad91","2021",1
"331","651e83e10223cd815b67ad888008955753378194","2021",18
"332","652bf4233a1c7c95f4440ab39de9833a84753521","2021",2
"333","6559861be08df170bd9870e04da13bf3e3b324de","2021",1
"334","657520d3c69db7b9512b14243f16d3b25fed1a21","2021",1
"335","659fdb3f91f577b99298e2643a3aa1b1e250ddb1","2021",10
"336","65a1c03b9820fabdf8eb47890a8ea707e0b030a9","2022",13
"337","65a1c03b9820fabdf8eb47890a8ea707e0b030a9","2023",54
"338","668035aa0f3561353c776260ef5685baa0eb97cb","2021",3
"339","6687f3c21a171b932039f51cb14f1a7306a4b6a3","2023",56
"340","6694f746d8beb752b45b675ecad73e051cb1dd66","2021",23
"341","66adb85a5fec8deec938ceeb9c2b8421614e2ba0","2022",5
"342","66adb85a5fec8deec938ceeb9c2b8421614e2ba0","2023",21
"343","67ae877204f29309bbf2be68de4233b39b132693","2021",5
"344","67f1f58459a3eac623952b8dda017a102fa7bb83","2021",2
"345","68724fd1e0154ad957dcb97fdab47ec50785d058","2021",2
"346","693c0f07a7c78eea3ba7546c87b7013c1debca1d","2021",4
"347","694f369a861c79cdbb3579b8fc7cb24275660707","2021",77
"348","694f369a861c79cdbb3579b8fc7cb24275660707","2022",82
"349","6a921acc12ba454b6f74f3e0229032e371a2801d","2021",19
"350","6b2bc8a2ddf021c6284a7efdc40666827bf64725","2021",2
"351","6b7a15b5e5ebfd02abd3d24d7693239071cbf9c1","2021",5
"352","6bdc0c759ec1e9fb75b5409c2644bd76f48d4a12","2021",2
"353","6c81d9bda7c62f45e6c476141d12d4d4a300c224","2021",4
"354","6ce6f832e5197576e4c34b6f627434b5cbc97c61","2021",19
"355","6d379c9daa561b18425290480873fd9b17a90610","2021",26
"356","6d3fc477390693adb11d4356e264530cb9abf094","2021",2
"357","6dd582f3298133f1940215ba26611bd80b2bec09","2021",1
"358","6eb7a8650645b4b541c27ac08b5eed4ed1c59b4b","2021",8
"359","6efd5afb47ce031047a04a267397cf19941cbbc9","2021",1
"360","6f6072a62e0fe217b68dcc5224ebb53e1720b3d0","2021",1
"361","6fa24a3156857c8643a76888f500975256da9aa6","2021",11
"362","6fcb501f6a4821c0b0b2a45b6109e1f1fc787638","2021",2
"363","6fce7e6aaecd43623d1e0e8b508478799a20b105","2021",11
"364","6fce7e6aaecd43623d1e0e8b508478799a20b105","2022",81
"365","705a86ae9eebf0316b273ee63d164031a7b38ea2","2021",4
"366","716d6f2aaed3e620c6c5b714bfb99d57fe545ffd","2021",3
"367","72652f1b57a59f4a8e278cf070cca49ccdfce670","2021",84
"368","72652f1b57a59f4a8e278cf070cca49ccdfce670","2022",80
"369","72652f1b57a59f4a8e278cf070cca49ccdfce670","2023",62
"370","7268472644e0b09901bef6495e2a4d455b4c1890","2021",29
"371","726e3476c9a02b551c4633f987e580e4d68eba5b","2023",1
"372","72a56d0baf70ccc97359536f1d62d7b513d688c5","2021",1
"373","72df61d622032f8ac8599616b662662f65ee22e5","2021",6
"374","74877ed1ee85fc60a019745c54752f90c7634ef4","2021",6
"375","74f22fceb707d091d74fd07c2e347a50dbe7749a","2021",14
"376","7508430dc85b53c739a8e2906062c20e7c6723f4","2021",28
"377","75974da3aded6c20132e5deec637421440e53359","2021",15
"378","75ad557b19db10988d6aaa91a3fd8fc0299ca2d3","2021",5
"379","75ce0a1bd9f071026e5af9205cbe9e010b6291ba","2021",24
"380","7694076619c298b4556297b20afaf8eb50461cdf","2021",80
"381","7694076619c298b4556297b20afaf8eb50461cdf","2022",84
"382","7694076619c298b4556297b20afaf8eb50461cdf","2023",86
"383","7695d350b8d34fbda2e2b035eeb35e2d919b17b7","2021",1
"384","7884ea053ee1a638cd6fa91c1f322f4dc0ca271d","2021",2
"385","793587fe9c1be3f0c7a27e768f7e54bf7d13ac1b","2021",2
"386","7943ca67b1107c5e29a6d81db2c1d3eaab33b73a","2021",77
"387","7943ca67b1107c5e29a6d81db2c1d3eaab33b73a","2022",6
"388","797c1a83ff7da64a7724d4e1348d44d1b4182b3d","2021",1
"389","79ae84f001d7d14f78615e97cb3785e112caae49","2021",67
"390","79ae84f001d7d14f78615e97cb3785e112caae49","2022",77
"391","79ae84f001d7d14f78615e97cb3785e112caae49","2023",58
"392","7a2d30ea24f92530921df21aedaaaf1396efe3c2","2021",17
"393","7a41536ca370190d3d4d569d8b78369f63297956","2022",65
"394","7a41536ca370190d3d4d569d8b78369f63297956","2023",65
"395","7a734023f315e70b918df1a932a61b6584870bee","2021",1
"396","7a891d3cff176ecd273e99f30daf952fdd346151","2021",2
"397","7ba90f6e528c892f6ff6bd73d37d26ea3b451481","2021",28
"398","7c4a0dfedf9b0dd9d6b2dc4c349f597e4e03063c","2021",65
"399","7c4a0dfedf9b0dd9d6b2dc4c349f597e4e03063c","2022",65
"400","7c4aac467b33e852bd7ced9f09a35d5a780a0fee","2021",81
"401","7d28f5b8f58b7dbe4d72865e5d30af967f01212d","2021",42
"402","7d48398a4b12c939bee2a58003e9c52b99dc915c","2021",22
"403","7d73305e306705436ac4f31f8149a297d95b0040","2021",2
"404","7e148dd6c0520cd48c32cbfd55c0d41a9d240c04","2021",9
"405","7e717ca62155014bc93e32d418f96dda585e8bcd","2022",54
"406","7e717ca62155014bc93e32d418f96dda585e8bcd","2023",38
"407","7f42e3fd93af2d41d8f8479ef030a32dcea07a2e","2021",69
"408","7f42e3fd93af2d41d8f8479ef030a32dcea07a2e","2022",62
"409","7f7ee7e34e48b57d3d1b534e5cdc4aaefc780091","2021",70
"410","7f7ee7e34e48b57d3d1b534e5cdc4aaefc780091","2022",25
"411","80af5e79fc626b82333d265f2258c238539232e5","2021",1
"412","80fe2c6a392ae1a7535192e20c7d47b4cc05a24a","2021",1
"413","80fe2c6a392ae1a7535192e20c7d47b4cc05a24a","2023",1
"414","810ac2caa9faf2673d3f3ace92b7f4b857334a22","2021",5
"415","812bda429f3d18d027657b049c110ed4130ede6e","2021",1
"416","8268c9e039e5628e74e432e55d3d726be52a443c","2021",1
"417","827135b2373b76725e3861585e8180bbd1990e19","2021",15
"418","8290ab2133e0724dfa4c029c8fccc4e082eeab6d","2021",73
"419","8290ab2133e0724dfa4c029c8fccc4e082eeab6d","2022",66
"420","8290ab2133e0724dfa4c029c8fccc4e082eeab6d","2023",73
"421","82bde68c049407a9ac8f5aaa0cfb1b825b195dba","2021",2
"422","82cb9c0e72ca056b5de69fc76b30f69789740cbf","2021",2
"423","8385d8f483d01edb19652cda2c3e8859c97572df","2021",2
"424","83902f320532a76b56367b2d4c62ffb125fdab44","2021",1
"425","83a67a77ec3fd10c2f7c1120915487f1493fc797","2021",19
"426","8409ad37278a80cc08b0efc4ab62971a072fb03b","2021",1
"427","84aac2aec4fcffded30577384d92145d99fc51d6","2021",11
"428","86bcae85b42e4632b6b1167f62009ae645bfc8f7","2021",5
"429","86cf628e1112a181be4611a389056a599ecd4c63","2021",14
"430","86eea80678fa86ded9f82ddee11e168abbb059f7","2021",1
"431","87ca657490379e57023509f386c3345a0d0ea93f","2021",21
"432","8834d134e135e1ea1915b5d3733e30232e3b9d09","2021",85
"433","8834d134e135e1ea1915b5d3733e30232e3b9d09","2022",82
"434","8834d134e135e1ea1915b5d3733e30232e3b9d09","2023",82
"435","88a241e142df6a547f9188eb81f5c2ea8f7adabb","2021",71
"436","88a241e142df6a547f9188eb81f5c2ea8f7adabb","2022",56
"437","88a241e142df6a547f9188eb81f5c2ea8f7adabb","2023",1
"438","89867c611e3d19353f81da7951f84db1bf5d3045","2021",20
"439","8a08ce5d05e0465063d79ef1f4d943a508e6ab9a","2021",2
"440","8aa7eb1e7b944c452da918f68cd353e5d1006bfb","2021",4
"441","8aa9e1d68032a79c4081bd1a45ef0ec2a654f7d8","2021",21
"442","8b04fa5301010f7ed5a77b2a440de2e1019359f7","2021",2
"443","8b6ab46ea4fc59c10d45397e895b2cc98c78d03d","2021",4
"444","8bd7aca31aca3f9dea95888e3c5585ce9ca573f2","2021",25
"445","8c17e8a7773b0425a915a91dfb424ca0db361135","2021",6
"446","8c6225f4d65d2c7f53ac99f03ac9462b6ed219c2","2021",29
"447","8c6225f4d65d2c7f53ac99f03ac9462b6ed219c2","2022",53
"448","8c6225f4d65d2c7f53ac99f03ac9462b6ed219c2","2023",57
"449","8c7037e5fcbeb54c8b80309257a7eb4d17cde185","2021",2
"450","8c707a0fdf914da1f3a352d37ca3cefbe3095e6b","2021",1
"451","8cb0077cfb3e22ea21306da0bccccd6780395e82","2021",4
"452","8d49a970bf227895eebeb708bcd5e54c2d11c577","2021",6
"453","8d8e84cd258ba3184b3ffa45b5a15c2ba38bea51","2021",49
"454","8d8e84cd258ba3184b3ffa45b5a15c2ba38bea51","2022",72
"455","8d8e84cd258ba3184b3ffa45b5a15c2ba38bea51","2023",76
"456","8dadfe6150b40bec49e070d2e57d3ab5d77aed67","2021",59
"457","8dadfe6150b40bec49e070d2e57d3ab5d77aed67","2022",1
"458","8e279ef4dafa65d4db8b0d74ae3db9a34e513259","2021",38
"459","8e279ef4dafa65d4db8b0d74ae3db9a34e513259","2022",48
"460","8e279ef4dafa65d4db8b0d74ae3db9a34e513259","2023",78
"461","8fbb14aeace75af8a3660d5b9579886cde9bea53","2021",2
"462","8ffc12422baf26cf276c1b0f0ad92fa8121b841a","2021",3
"463","90a070907f17653e0a17503e68f64bd202a11dcd","2021",13
"464","911c1207c6750d3cadff20ce7f8a4bbbb8b30c1d","2021",29
"465","911c1207c6750d3cadff20ce7f8a4bbbb8b30c1d","2022",1
"466","913da07ac6083c646f98219a1b1cca83f3860112","2021",16
"467","921aa36e5e43f774ff388b56c9a22b687e75fc35","2021",35
"468","92b39f1799425a345e062289fe6ff65945d0406d","2021",1
"469","92cf5731973c01a7e48b22d0d84293dde2d9c0d8","2021",1
"470","92dc6059c836b1d56350ffa0b2e5a8d40eaf2b99","2021",25
"471","9422da9471971c7d63c811846a1b705e6326265e","2021",1
"472","942f426d540867cd8b15c9601bc5128908d8b6bc","2021",80
"473","9629bb0fd4ba8f090f503488e7f867404b285fb4","2021",12
"474","9704d821131f5f3bf72417dd72fed844bfbf1d3f","2021",22
"475","974da7ca998a53fab667e1da02118395998bc787","2021",1
"476","97cd9d4df67903746bd5b03328d6d4361e15c566","2021",1
"477","97f7a1f1d6c0a539b27cbaf98b258ac56f901a3d","2021",81
"478","97f7a1f1d6c0a539b27cbaf98b258ac56f901a3d","2022",68
"479","97f7a1f1d6c0a539b27cbaf98b258ac56f901a3d","2023",25
"480","9857b8daf8b6805100daad8635a094006a273738","2021",20
"481","988248071ac6854ec1205b5a93b3f86f2b4aa8e2","2021",2
"482","9a0ad12d9f4c17d37679e7933146d5d9b9743fad","2021",1
"483","9deade90ff2e096dc2f802bbbc1447dda3883961","2021",41
"484","9f97eba0f0f065f43f3bae1fbc442de93be9cf41","2021",2
"485","9fa0ca822af3b3c13f5f8cd4357aefbbfad6a5c4","2022",21
"486","9fa0ca822af3b3c13f5f8cd4357aefbbfad6a5c4","2023",63
"487","a179f0ff3993e330461d42b82a4341dc8352ef3d","2021",2
"488","a191dd2bf4127c65de4ce45412b6c37ab99ff7d1","2021",1
"489","a2492466d4a5ab3f0b605db3ce867e966f605a0d","2021",82
"490","a2492466d4a5ab3f0b605db3ce867e966f605a0d","2022",81
"491","a2492466d4a5ab3f0b605db3ce867e966f605a0d","2023",75
"492","a31ec46eb2c0f70981371bf166b15e9f4c94e364","2021",4
"493","a361af09cd69dec795d850448e306d7dd3fc18ad","2021",7
"494","a362813a343a35045066d9f3b54337164f71bf24","2022",63
"495","a362813a343a35045066d9f3b54337164f71bf24","2023",27
"496","a38914d08a6bce0ecbc6501e3ed2cd89ed34ef02","2021",60
"497","a38914d08a6bce0ecbc6501e3ed2cd89ed34ef02","2022",47
"498","a38914d08a6bce0ecbc6501e3ed2cd89ed34ef02","2023",77
"499","a3d16709d576cd417aa21db5fe63e79565dc0e67","2021",39
"500","a3d16709d576cd417aa21db5fe63e79565dc0e67","2022",69
"501","a41c10001c469496dcdfac999a14c380af44bb1b","2021",2
"502","a452b63757e97e908baad6557a89b85f23f0357d","2021",1
"503","a45fbcb3331ccf78609bc7b102f4a9c4166c99cd","2021",58
"504","a45fbcb3331ccf78609bc7b102f4a9c4166c99cd","2022",56
"505","a45fbcb3331ccf78609bc7b102f4a9c4166c99cd","2023",17
"506","a4b506ad554bf35ae6d966f8997b30554e28e967","2021",84
"507","a4b506ad554bf35ae6d966f8997b30554e28e967","2022",77
"508","a4b506ad554bf35ae6d966f8997b30554e28e967","2023",73
"509","a5f4979b97b2f61c5539cd206bdddf51c14e489e","2021",1
"510","a6cf9590f619b2a322fa44f5628ae81d9eac26b9","2021",67
"511","a9af7fd296a2b7c70d77fb936d21d92c0094a739","2021",4
"512","aa3d79f358afbee1f5c09c94dbabe17a75f0e319","2021",2
"513","aa8fc6498e64d483653ea6a5b72020a48f46863b","2021",4
"514","aadc17b2a52938ab9120dc51b23aa7580a53e75f","2021",1
"515","ab0cd1b594b0a41f4764e09cdd25c6a2f552896d","2021",15
"516","ab8194b8601c80f1023c09fd6111d5e07559af5f","2021",28
"517","ac6c219cda0fbffa9e7f8ee244d87a114e0d25f3","2021",8
"518","ad3c96b12eb524da639ce2a34c52cc10121452a5","2021",23
"519","ae4482e6eb66198561ebdd43c0912881ac682933","2021",29
"520","ae4482e6eb66198561ebdd43c0912881ac682933","2022",51
"521","ae4482e6eb66198561ebdd43c0912881ac682933","2023",50
"522","ae4c097ec1b82467f39a289508fa1e2182a46e70","2021",31
"523","aead3aff7037961e6558847652bbc1591f64110f","2021",3
"524","afb9b85defc6fe5c3f48681480eff4d96ab723c7","2021",2
"525","afdfadd420af8a174c67f227ae492ca37bc28c5d","2021",3
"526","affcfa63309486ddfeb6dbddb82201f7acad2ed3","2021",6
"527","b03810a4610dcf65acad97a601676e2181e8ba6c","2021",28
"528","b0ca73a5ca175315fc896841cd462fb9b33a04d8","2021",26
"529","b0ca73a5ca175315fc896841cd462fb9b33a04d8","2022",39
"530","b0ca73a5ca175315fc896841cd462fb9b33a04d8","2023",12
"531","b135b247f1afd053b201fc7c434493408c5dcf69","2021",80
"532","b135b247f1afd053b201fc7c434493408c5dcf69","2022",83
"533","b135b247f1afd053b201fc7c434493408c5dcf69","2023",73
"534","b1498ed07732f6c10cc423e43f757dc0e914ddf7","2021",72
"535","b1498ed07732f6c10cc423e43f757dc0e914ddf7","2022",69
"536","b1498ed07732f6c10cc423e43f757dc0e914ddf7","2023",56
"537","b15267169aa4619e07c581cc461c727318e8a37e","2021",9
"538","b16b823740b268b9519845df5a6cababf87b91d2","2021",2
"539","b2bc4643e75d271fedf8f25928173e359b9d10df","2021",73
"540","b2bc4643e75d271fedf8f25928173e359b9d10df","2022",81
"541","b2bc4643e75d271fedf8f25928173e359b9d10df","2023",55
"542","b2e83691a8e240b99ae212eea4f3481119f0f697","2021",1
"543","b33a86374eb5b230a1c81bc1dd0e92dc86c87cd2","2021",47
"544","b33a86374eb5b230a1c81bc1dd0e92dc86c87cd2","2022",14
"545","b33a86374eb5b230a1c81bc1dd0e92dc86c87cd2","2023",71
"546","b35b8887b05af2a7939eed185a0cda2eefce3be0","2021",25
"547","b3fdab9bed411099bce96929f2bad38d1a17d260","2021",3
"548","b449dbb7e104cc6f68d4096397b733bce74fe5c0","2021",82
"549","b449dbb7e104cc6f68d4096397b733bce74fe5c0","2022",87
"550","b449dbb7e104cc6f68d4096397b733bce74fe5c0","2023",67
"551","b44b24f15557ba72ed6c35df9e14f6b79a63f12b","2021",4
"552","b457b98c999402bcaafcbc50238ebc5d85510b5f","2021",80
"553","b457b98c999402bcaafcbc50238ebc5d85510b5f","2022",65
"554","b457b98c999402bcaafcbc50238ebc5d85510b5f","2023",53
"555","b505fcd3d7225538a30ecb5c4edab3e4b4b2c6bd","2021",3
"556","b5f2346c7c507eb71507e93b9202b6c332a72386","2021",18
"557","b6a6528f08a0e1f3667715817bd1b31609da0e6d","2021",4
"558","b79fda68e6cf4543206fe62ccec8fa72de488635","2021",4
"559","b7fbeb6e14a4fbade5bce6353b1ef65a3422e6dc","2021",69
"560","b7fbeb6e14a4fbade5bce6353b1ef65a3422e6dc","2023",81
"561","b851a6b5a63aac46209fdb42fc8e5f61619eebab","2021",7
"562","b8bcf8c84a2ef4f59364cc52dbc2076507b78a99","2022",33
"563","b8cf7ba222a75f7d007d24c912715bc13e06a06e","2021",7
"564","b9123fd6020d7ce08c9c11fe2fd0750901310635","2021",8
"565","b91f465211933e9f5c33d66d59a950c3ed3e7bdf","2021",52
"566","b9b6310bc17b1107269935131bd8948424456a74","2021",15
"567","b9d55cff57b492a19f70c8367d88048159198a06","2021",86
"568","b9d55cff57b492a19f70c8367d88048159198a06","2022",85
"569","b9d55cff57b492a19f70c8367d88048159198a06","2023",81
"570","ba38cc5f68961456e9defe26288ee5e345cc9791","2021",3
"571","ba7c40dbc1e901a38403ae23ce7fc3d6a72e67b0","2021",68
"572","bacc3c84803b819304c57688dfb61c94cce8ceb7","2021",10
"573","bb35e1261b014ae28854bee33749be3014abd759","2021",2
"574","bbc9bace67a4487851377d2319267cc03e8959ea","2021",53
"575","bcfe3b7e6b498b243aa5c5ddcb81d57e0176d976","2021",2
"576","bd92860ce8fe7bb4ef198793f18a88a2e40b0054","2021",6
"577","bf5e9bb1e0b316040feec5de1382294d11de991c","2021",2
"578","bf9d8e5bb95edd83b3afe849a93622a7de57492a","2021",4
"579","bfffb70b83aa305ea467a536c0938798b1bfc298","2021",25
"580","c00e08f69e44f658e28f00e67502f80be1afebe6","2021",19
"581","c03f64ce935ac1918ee28a90473d178e85f80cc8","2021",2
"582","c0806e8839994c2e83d9dc1b1a1faeaca0661f1d","2021",4
"583","c133116d2135b7c242cf9db5ad99668e5ffedba6","2021",12
"584","c142dc131919492588c31e1e803a04a4613bdcd9","2021",6
"585","c1a687ca25c227e4ad472453df39aad813b8cd5b","2022",65
"586","c1a687ca25c227e4ad472453df39aad813b8cd5b","2023",66
"587","c1e763388cced9f7919c4a32a1f69270acbdeba7","2021",23
"588","c1efd3145c820257fae2347ff5675817cfb37bca","2021",84
"589","c1efd3145c820257fae2347ff5675817cfb37bca","2022",81
"590","c1efd3145c820257fae2347ff5675817cfb37bca","2023",75
"591","c2763fb4768cc867f4db3d31c3ef970bbc178dad","2021",2
"592","c2d5cd6534e07fa60be2c62f486d388ab1b4a510","2021",1
"593","c3c959721c769aebc8c295ef57242f77d7924eb8","2021",15
"594","c4a3a37c4ce2cb23f36183ae3c605b6362b6b173","2021",2
"595","c50dd81bdfafbc84b4427e5172243ff41b19af99","2021",11
"596","c54dabda41371474f52e62bb6a476a19d82d77ae","2021",78
"597","c5b613084af8b64c8922bb2df990af914b882a07","2021",1
"598","c5b613084af8b64c8922bb2df990af914b882a07","2023",1
"599","c5cdb7dc2ab3cb6e2c84e349c9f39a995dc322a8","2021",2
"600","c6020d12585d4a0d7b1babd840c54f37a9159aea","2021",2
"601","c710046f7d22c1bb863a4733efacacdefa4d68ff","2021",78
"602","c710046f7d22c1bb863a4733efacacdefa4d68ff","2022",69
"603","c7d8f7968457b20270b902a722e6228930883164","2022",71
"604","c7d8f7968457b20270b902a722e6228930883164","2023",19
"605","c8705dd3e5f5bce88f756219fa637cfb240e566f","2021",3
"606","c88c4564d5b20479e25d266e9cd6342115a7596a","2021",73
"607","c8b2051c37bcdedbd991151187eaacf12f5bf702","2021",27
"608","c8b2051c37bcdedbd991151187eaacf12f5bf702","2022",40
"609","c8d01b8601f139d0616d902f44f24cae25172c32","2021",86
"610","c8d01b8601f139d0616d902f44f24cae25172c32","2022",79
"611","c8d01b8601f139d0616d902f44f24cae25172c32","2023",63
"612","c9191caf2334c0592da386bfc6ff7fc06fce4e86","2021",1
"613","ca4e36c29e0ff45dbdd06a7312f6e625c68630a4","2021",2
"614","cb04b7f0d323703dc993378fa7786b34b93862b3","2021",1
"615","cb2fef9c6b10531d42f8c1c4505dec1f02bac32d","2021",5
"616","cb37a3bcecc0511ad59fb5fa64037cd20c3d68aa","2021",3
"617","cc226d28e016753edeaeebeade623877b5cf0596","2021",3
"618","cd008120919654d8408cbea3cf6b8908bf57dd02","2021",32
"619","cd008120919654d8408cbea3cf6b8908bf57dd02","2022",59
"620","cd008120919654d8408cbea3cf6b8908bf57dd02","2023",71
"621","cd3171c51a380856b0f39077b530e4b9525f38bb","2021",80
"622","cd3171c51a380856b0f39077b530e4b9525f38bb","2022",73
"623","cd3171c51a380856b0f39077b530e4b9525f38bb","2023",86
"624","ce84270fb6bb736bce0484bce9504e9b9cc5cae6","2021",68
"625","ce84270fb6bb736bce0484bce9504e9b9cc5cae6","2022",43
"626","ce84270fb6bb736bce0484bce9504e9b9cc5cae6","2023",31
"627","cea64cbb740673b74e9c574d1aa21ec5460ddfc8","2021",1
"628","cecd3c91e652f2ec5b14dc445fc26b24794871e3","2021",4
"629","cf55b826be3f9ff5b2d5e520ee6614fef8df01f3","2021",30
"630","d047abeec24953f67926461c56c74dfb408f1a07","2021",2
"631","d07f81a56dd9e7362f7a243e018aaaf316eb7edd","2021",19
"632","d0a05fabe73d4f158af331fe497cf59cc3c760e1","2021",26
"633","d0b484ea75459052dfcce7c819ef970f89d7b25a","2021",4
"634","d148a369a2313fcea9af5ce92b86f274e2e37e94","2023",76
"635","d183cd520f6a1b6d5ebfcb95de9e1cf5eff51342","2021",3
"636","d1a2503903cf5cdb1bc13fda859fab4004520bb8","2021",1
"637","d22cb49d1088bec45e9076cd35b6827ef7ae48d9","2021",1
"638","d3e3a0082587b69525d0a4abec172725765d21b2","2021",66
"639","d3e3a0082587b69525d0a4abec172725765d21b2","2022",12
"640","d3e3a0082587b69525d0a4abec172725765d21b2","2023",75
"641","d3f890c0ecc56a477977553caef6cbddac13bd13","2021",1
"642","d52a5d5334b4af8a3e9161617e175a1b1acc191f","2021",74
"643","d5a4b3c049b9174581cb64c46d1b4bb0ab9fcadd","2021",20
"644","d5eafda840481500300cd1e959ddad92311a2ab4","2021",65
"645","d6138454619f2e705b11c54eeecd1be39f03da54","2021",9
"646","d636652206acb1f885b4b81be07fb45c1a2cd856","2021",1
"647","d76343ee3f53822094953cf05d53c45e7ffa2a30","2021",2
"648","d81b103a1486d0343984f7670a770148ffcbabb2","2021",31
"649","d8238e9f91ffcc5a543bd448afee37023652dbf3","2021",4
"650","d89652f10df18fe8844986b18936959527228639","2021",58
"651","d89652f10df18fe8844986b18936959527228639","2022",23
"652","d89652f10df18fe8844986b18936959527228639","2023",19
"653","d8dfe1cf13c00ee4805285030d96efa3994b94bf","2021",2
"654","d8eec2327f738402960cf28b44c1221b8ddc188b","2021",21
"655","d99f033e9e448415fdf637209773beb68db918d4","2021",5
"656","d9ab39eaa698be235d8023114a8476aaa7f45278","2021",2
"657","da5ce67803a8039d079ca666c6885e8ea01a2a75","2021",56
"658","da5ce67803a8039d079ca666c6885e8ea01a2a75","2023",82
"659","da943b9ced0444cf846a3981e9bb4b468fb7d13e","2021",15
"660","daa3aaa2e8a74038f063a7271f8f5313a3ffa549","2021",30
"661","db540e374d305a17c5181aeae0ef0e6ba8f7460f","2021",3
"662","dbe56adcdc76a74b0cfc490e4ab7a6a4f51d9afd","2021",2
"663","dbf508e6a2984148d1b7391d29bbfbb421f3180b","2022",43
"664","dbf508e6a2984148d1b7391d29bbfbb421f3180b","2023",80
"665","dc4721a955b712ffc546f09eea70c45c125058fd","2022",1
"666","dcfc771f6b918ea321fc4743b486f5fbbd113d75","2021",19
"667","dd6c9bdedfa4c202e82a5c8f13beec54e8a883c9","2021",2
"668","ddbdd3d3646ed154da0f3553575f5f7d7284e748","2021",2
"669","de566af1e7e0bb3ce8af5471e5ac7375419078d5","2021",2
"670","de96c991a0800c2769a42247ac405793cac025aa","2021",4
"671","deba05f1475df7572c009fcd78352607e0261e02","2021",11
"672","dece08720d83d8e45874f3fdf9541e5d5623b3bd","2021",7
"673","dede608221813d42716885d428406c47ba1efe4b","2021",88
"674","dede608221813d42716885d428406c47ba1efe4b","2022",76
"675","dede608221813d42716885d428406c47ba1efe4b","2023",82
"676","df6327a64ab7cc216234bda7e9fff1998a39f8e2","2021",79
"677","df6327a64ab7cc216234bda7e9fff1998a39f8e2","2022",78
"678","e00e77dbba2cb730b923a4150824f5bd936b71de","2021",2
"679","e041f8c4d7ad45bb21ce34cedbc546d5d8ef2f89","2021",5
"680","e17c4e11afb8931010aed3b835fe3a5f87e71dd8","2021",2
"681","e3218f4c7025fc51b38f6c3bdad3712407852229","2021",56
"682","e3218f4c7025fc51b38f6c3bdad3712407852229","2022",56
"683","e3218f4c7025fc51b38f6c3bdad3712407852229","2023",47
"684","e3c66979697a82539c3aa30f3e7fe4bf5d05d054","2021",1
"685","e4252419cae20a16d2962beb0474177843fe85ab","2021",3
"686","e47ad80cbd2dfed8080f5250de51d4e5cc5fd28d","2021",3
"687","e48f9c8c2739837fda3d42ea3e3e58598d40c47b","2021",1
"688","e4ba6c019866c79d03d1e1be7e49acc9453ccf99","2021",55
"689","e4ba6c019866c79d03d1e1be7e49acc9453ccf99","2022",70
"690","e4ba6c019866c79d03d1e1be7e49acc9453ccf99","2023",63
"691","e4d5ba68d53a3c6d7fe36e1a527a907c46830d75","2021",5
"692","e526486e637178a026eaf3cdd285d74da19c468c","2021",8
"693","e773cdab54ea181458893bef72997c202012e46b","2021",18
"694","e7c893c63f13137d92f857c3f72382034abc5f73","2021",1
"695","e8ed8db53ba8c8b47385bf47be70aa6251b12eea","2021",81
"696","e8ed8db53ba8c8b47385bf47be70aa6251b12eea","2022",46
"697","e909a78dd1088038e3906796b449039340531ff7","2021",84
"698","e909a78dd1088038e3906796b449039340531ff7","2022",63
"699","e9108de644e22653aea3edb1679b6994719c96fb","2021",17
"700","e9ebd4464ca692a909f5b14bfd6a90f142f1561e","2021",3
"701","e9f6f2d92db84e2874b21d5726f561535b18f2c6","2021",30
"702","ea2edab5266ed9a64a71d9609af16f5b83c59180","2021",6
"703","ea8349c40de2ee4edf8ddcfd235bdf2de8a8440d","2021",82
"704","ea8349c40de2ee4edf8ddcfd235bdf2de8a8440d","2022",83
"705","ea8349c40de2ee4edf8ddcfd235bdf2de8a8440d","2023",51
"706","eb2459ce78a533085155bd79769938d2e04d2447","2021",3
"707","eba4034f8b499f74e06bd5febb22a6934a8f7bac","2022",80
"708","eba4034f8b499f74e06bd5febb22a6934a8f7bac","2023",1
"709","eca62f9d7653d1e0e03e72d952aef97102bb2f6e","2021",1
"710","ed6a83f314944b83cde1528c83b259596c5ff0d4","2021",26
"711","ed94006242f61911d4f9bded873a4eb9cb21b450","2021",10
"712","edcdf6c249486f992de4eab95e4ec8edd8a3d291","2021",2
"713","ee8af49a60e16f88acefd14e27f85f495f2d6aff","2022",79
"714","ee8af49a60e16f88acefd14e27f85f495f2d6aff","2023",5
"715","f006b67e6b2b2c811baf7a5e69c36e002ce02adc","2021",5
"716","f00a705a6c387094796da84786cb5c5002e35535","2021",1
"717","f03bfd760493de48cb0720f77ce3d9d7fb6dc209","2021",1
"718","f07b41156ca170c7f046cea60fc322c650989a1e","2021",1
"719","f1341af31ecc2ca1e57107387245dd09fb9af9bb","2021",78
"720","f1423a5128293dcef8634ed1b0255d5ca6ec49b7","2021",1
"721","f1e457b5b5865dd7bbcbe0a933632dec59c0f61c","2021",5
"722","f2309dfcf90a974cdeb152b2de025aba3c76df17","2021",27
"723","f2456960a50139c4374f31e3865451c637644728","2021",3
"724","f32823328db49137389a1d19d0fcfdf8ff3186d0","2021",1
"725","f45a343c921f20987a7a87953beea851509405aa","2021",24
"726","f48a36ec4c2b4c0098f4178e018111f8f82d70c5","2021",3
"727","f5335def845131c014433ac734abe2b2aa562225","2021",5
"728","f56d7b028b79e76037ca74a83641cacb1fac02ba","2021",28
"729","f5c048ecfa7dfb98295a754b52f2b04e7ccde309","2021",1
"730","f65d6d417a0f0e29d63de0e0b55479aa193419f7","2021",82
"731","f65d6d417a0f0e29d63de0e0b55479aa193419f7","2022",77
"732","f65d6d417a0f0e29d63de0e0b55479aa193419f7","2023",69
"733","f68fb64d4c51f2e39a22681695c129b6bb3c2d62","2021",83
"734","f68fb64d4c51f2e39a22681695c129b6bb3c2d62","2022",83
"735","f68fb64d4c51f2e39a22681695c129b6bb3c2d62","2023",78
"736","f6a7de4f155d53a6d4bdcb1c22b94f37b8edf5c1","2021",1
"737","f72371c7a1b298e08a1e358b36e484298544e4c5","2021",24
"738","f8f1873903bbc7192c61739437c768d39b5bbf50","2021",20
"739","f91d55f27ef319a0939c62926cc821d10fbc0845","2021",5
"740","fa4bc51e9a347bd94a1cfaeb6343c6def4e7d5a7","2021",81
"741","fa4bc51e9a347bd94a1cfaeb6343c6def4e7d5a7","2022",84
"742","fa4bc51e9a347bd94a1cfaeb6343c6def4e7d5a7","2023",40
"743","fbf1703227cf7b214d016ed861f889fdb6f5a4a6","2021",71
"744","fbf1703227cf7b214d016ed861f889fdb6f5a4a6","2022",78
"745","fbf1703227cf7b214d016ed861f889fdb6f5a4a6","2023",64
"746","fc3735a824c9e87b4ecefaf8decc3a3ac3cfb662","2022",41
"747","fca4cb36603972ee68fe289df3c5cde8bd2752f2","2021",1
"748","fd67ccf8b23135c11534c5c4774bdc47f6f90b53","2021",1
"749","fddbf98f72e3a7fed3608a6508e0535ae466c430","2021",1
"750","fe13b1b0ff9b8a5fbba957c84c808e78024873c2","2021",28
"751","ff169643a2e213bcc4bb59a885e869e144b3a964","2021",25
"752","ff3b7d21e60c24b6e926e3ffc3fbeb78cc9e4057","2021",2
"753","ffbad18fedea89e09f42dac340e9ebb0bc18303d","2021",2
"754","ffd2fbf22dc9ac7811c1bd9ecf5d5c0392744a18","2021",3
